<?xml version="1.0" encoding="UTF-8" ?>
<Data><Series>
  <id>73141</id>
  <Actors>|Seth MacFarlane|Wendy Schaal|Scott Grimes|Dee Bradley Baker|Rachael MacFarlane|</Actors>
  <Airs_DayOfWeek>Sunday</Airs_DayOfWeek>
  <Airs_Time>9:30 PM</Airs_Time>
  <ContentRating>TV-PG</ContentRating>
  <FirstAired>2005-02-06</FirstAired>
  <Genre>|Animation|Comedy|</Genre>
  <IMDB_ID>tt0397306</IMDB_ID>
  <Language>en</Language>
  <Network>FOX</Network>
  <Overview>American Dad! from Family Guy creator, Seth MacFarlane, is the animated story of Stan Smith, who works for the CIA and is constantly on the alert for terrorist activity. Stan will go to extremes to protect his beloved America from harm as evidenced by the terror-alert color code on his fridge, and his frequent knee-jerk reaction of shooting holes in the toaster whenever the toast pops up.</Overview>
  <Rating>8.4</Rating>
  <Runtime>30</Runtime>
  <SeriesID>21935</SeriesID>
  <SeriesName>American Dad!</SeriesName>
  <Status>Continuing</Status>
  <added></added>
  <addedBy></addedBy>
  <banner>graphical/73141-g2.jpg</banner>
  <fanart>fanart/original/73141-1.jpg</fanart>
  <lastupdated>1223682857</lastupdated>
  <poster>posters/73141-1.jpg</poster>
  <zap2it_id></zap2it_id>
</Series>
<Episode>
  <id>302986</id>
  <Combined_episodenumber>1</Combined_episodenumber>
  <Combined_season>0</Combined_season>
  <DVD_chapter></DVD_chapter>
  <DVD_discid></DVD_discid>
  <DVD_episodenumber></DVD_episodenumber>
  <DVD_season></DVD_season>
  <Director></Director>
  <EpImgFlag>1</EpImgFlag>
  <EpisodeName>Inside the CIA</EpisodeName>
  <EpisodeNumber>1</EpisodeNumber>
  <FirstAired>2005-04-01</FirstAired>
  <GuestStars></GuestStars>
  <IMDB_ID></IMDB_ID>
  <Language>en</Language>
  <Overview>This three-minute short is a take-off on CIA training films from the 50s.</Overview>
  <ProductionCode></ProductionCode>
  <Rating>6.0</Rating>
  <SeasonNumber>0</SeasonNumber>
  <Writer></Writer>
  <absolute_number></absolute_number>
  <airsafter_season></airsafter_season>
  <airsbefore_episode>1</airsbefore_episode>
  <airsbefore_season>1</airsbefore_season>
  <filename>episodes/73141-302986.jpg</filename>
  <lastupdated>1217187336</lastupdated>
  <seasonid>20606</seasonid>
  <seriesid>73141</seriesid>
</Episode>
<Episode>
  <id>108299</id>
  <Combined_episodenumber>1</Combined_episodenumber>
  <Combined_season>1</Combined_season>
  <DVD_chapter></DVD_chapter>
  <DVD_discid></DVD_discid>
  <DVD_episodenumber></DVD_episodenumber>
  <DVD_season></DVD_season>
  <Director>|Ron Hughart|</Director>
  <EpImgFlag></EpImgFlag>
  <EpisodeName>Pilot</EpisodeName>
  <EpisodeNumber>1</EpisodeNumber>
  <FirstAired>2005-02-06</FirstAired>
  <GuestStars>|Carmen Electra|Mike Henry|Curtis Armstrong|Daisuke Suzuki|Chris Cox|Kevin Michael Richardson|AndrÃ© Sogliuzzo|Natasha Melnick|Mike Barker|Jeff Fischer|</GuestStars>
  <IMDB_ID></IMDB_ID>
  <Language>en</Language>
  <Overview>Stan Smith uses his CIA skills to help 13-year-old son Steve win class president and the heart of the hottest girl in class, Lisa Silver. But when being class president makes Steve mad with power, Stan must jump in to save the day. Meanwhile, Roger, the alien Stan saved from Area 51, helps 18-year-old Hayley with her school paper. In return, she hooks him up with boatloads of junk food to curb his sweet tooth. Unfortunately, some Chocodiles send him over the edge and a sugar crash prohibits him from finishing one of her papers, forcing Hayley to pick up the pieces. And Klaus, the goldfish with the brain of a German guy, pines after mother Francine. Unfortunately for Klaus, the closest he'll ever get to a date with her is the spin cycle with her sports bra.</Overview>
  <ProductionCode>1AJN01</ProductionCode>
  <Rating>7.0</Rating>
  <SeasonNumber>1</SeasonNumber>
  <Writer>|Seth MacFarlane|Mike Barker|Matt Weitzman|</Writer>
  <absolute_number></absolute_number>
  <filename>episodes/73141-108299.jpg</filename>
  <lastupdated>1220376084</lastupdated>
  <seasonid>5356</seasonid>
  <seriesid>73141</seriesid>
</Episode>
<Episode>
  <id>108300</id>
  <Combined_episodenumber>2</Combined_episodenumber>
  <Combined_season>1</Combined_season>
  <DVD_chapter></DVD_chapter>
  <DVD_discid></DVD_discid>
  <DVD_episodenumber></DVD_episodenumber>
  <DVD_season></DVD_season>
  <Director>|Brent Woods|</Director>
  <EpImgFlag></EpImgFlag>
  <EpisodeName>Threat Levels</EpisodeName>
  <EpisodeNumber>2</EpisodeNumber>
  <FirstAired>2005-05-01</FirstAired>
  <GuestStars>|Kevin Michael Richardson|Busy Philipps|Curtis Armstrong|Daisuke Suzuki|Ralph Garman|Stephen Root|Eddie Kaye Thomas|Mike Henry|Bradford N. Smith|Mike Barker|</GuestStars>
  <IMDB_ID></IMDB_ID>
  <Language>en</Language>
  <Overview>Stan Smith is mad because after getting his wife a job (or &quot;&quot;hobby&quot;&quot;) as a Real Estate agent, she makes more money than him. In the meantime, his daughter Hayley ran a program that helped the homeless, and Stan's son Steve had an idea to have a Bum Fight program. To get back and to try to gain more money than his wife, Stan takes Steve's idea and starts a Bum Fight Night where he takes bets and treats the homeless like wrestlers. But with the homeless petition, Stan has to end up fighting like a homeless man himself.</Overview>
  <ProductionCode>1AJN02</ProductionCode>
  <Rating>7.0</Rating>
  <SeasonNumber>1</SeasonNumber>
  <Writer>|David Zuckerman|</Writer>
  <absolute_number></absolute_number>
  <filename>episodes/73141-108300.jpg</filename>
  <lastupdated>1220376093</lastupdated>
  <seasonid>5356</seasonid>
  <seriesid>73141</seriesid>
</Episode>
<Episode>
  <id>108301</id>
  <Combined_episodenumber>3</Combined_episodenumber>
  <Combined_season>1</Combined_season>
  <DVD_chapter></DVD_chapter>
  <DVD_discid></DVD_discid>
  <DVD_episodenumber></DVD_episodenumber>
  <DVD_season></DVD_season>
  <Director>|Pam Cooke|</Director>
  <EpImgFlag>1</EpImgFlag>
  <EpisodeName>Stan Knows Best</EpisodeName>
  <EpisodeNumber>3</EpisodeNumber>
  <FirstAired>2005-05-08</FirstAired>
  <GuestStars>|Jeff Fischer|Curtis Armstrong|Mike Barker|Mike Henry|Daisuke Suzuki|Eddie Kaye Thomas|Sarah Silverman|</GuestStars>
  <IMDB_ID></IMDB_ID>
  <Language>en</Language>
  <Overview>Hayley comes home from a Green Party rally with her hair dyed green, instigating a fight with Stan. While she's sleeping, Stan cuts her hair (for her own good, of course). After learning of what Stan did, a wigged Hayley defies her father yet again by moving into the van of her new boyfriend. When Stan cuts her off financially, she gets a job as a waitress in a strip club, which pushes Stan right off the edge. Meanwhile, Steve tries to pass Roger off as his disfigured sister in order to cop a feel with a female classmate.</Overview>
  <ProductionCode>1AJN03</ProductionCode>
  <Rating>8.0</Rating>
  <SeasonNumber>1</SeasonNumber>
  <Writer>|Mike Barker|Matt Weitzman|</Writer>
  <absolute_number></absolute_number>
  <filename>episodes/73141-108301.jpg</filename>
  <lastupdated>1220376102</lastupdated>
  <seasonid>5356</seasonid>
  <seriesid>73141</seriesid>
</Episode>
<Episode>
  <id>108302</id>
  <Combined_episodenumber>4</Combined_episodenumber>
  <Combined_season>1</Combined_season>
  <DVD_chapter></DVD_chapter>
  <DVD_discid></DVD_discid>
  <DVD_episodenumber></DVD_episodenumber>
  <DVD_season></DVD_season>
  <Director>|Caleb Meurer|Brent Woods|</Director>
  <EpImgFlag></EpImgFlag>
  <EpisodeName>Francine's Flashback</EpisodeName>
  <EpisodeNumber>4</EpisodeNumber>
  <FirstAired>2005-05-15</FirstAired>
  <GuestStars>|Billy West|Jeff Fischer|Patrick Stewart|Debra Wilson|Marissa Jaret Winokur|Mike Barker|Mike Henry|Daisuke Suzuki|Eddie Kaye Thomas|Steven Weber|Curtis Armstrong|</GuestStars>
  <IMDB_ID></IMDB_ID>
  <Language>en</Language>
  <Overview>When Stan forgets his anniversary, he arranges to have 20 hours of Francine's memory erased, but the CIA temp on duty accidentally erases 20 years. Francine, having reverted to her wild child days, moves into her old apartment with Hayley as a roommate, and ends up going to a festival with Hayley's boyfriend. Meanwhile, Steve asks a good-looking girl out, but needs his wingman, Roger, to &quot;jump on a grenade&quot; for him and date her ugly cousin.</Overview>
  <ProductionCode>1AJN05</ProductionCode>
  <Rating>7.0</Rating>
  <SeasonNumber>1</SeasonNumber>
  <Writer>|Rick Wiener|Kenny Schwartz|</Writer>
  <absolute_number></absolute_number>
  <filename>episodes/73141-108302.jpg</filename>
  <lastupdated>1220376112</lastupdated>
  <seasonid>5356</seasonid>
  <seriesid>73141</seriesid>
</Episode>
<Episode>
  <id>108303</id>
  <Combined_episodenumber>5</Combined_episodenumber>
  <Combined_season>1</Combined_season>
  <DVD_chapter></DVD_chapter>
  <DVD_discid></DVD_discid>
  <DVD_episodenumber></DVD_episodenumber>
  <DVD_season></DVD_season>
  <Director>|Albert Calleros|</Director>
  <EpImgFlag></EpImgFlag>
  <EpisodeName>Roger Codger</EpisodeName>
  <EpisodeNumber>5</EpisodeNumber>
  <FirstAired>2005-06-05</FirstAired>
  <GuestStars>|Patrick Stewart|Jason Marsden|Phil Lewis|</GuestStars>
  <IMDB_ID></IMDB_ID>
  <Language>en</Language>
  <Overview>Stan invites his boss over for dinner, but the Smith family fears getting caught hiding Roger. After a close-call, Roger goes into a coma, making everyone thinking he's dead. After the family disposes of his body, Roger tries to get back home, but he ends up in another risky situation with the CIA.</Overview>
  <ProductionCode>1AJN04</ProductionCode>
  <Rating>8.0</Rating>
  <SeasonNumber>1</SeasonNumber>
  <Writer>|Dan Vebber|</Writer>
  <absolute_number></absolute_number>
  <filename>episodes/73141-108303.jpg</filename>
  <lastupdated>1220376122</lastupdated>
  <seasonid>5356</seasonid>
  <seriesid>73141</seriesid>
</Episode>
<Episode>
  <id>108304</id>
  <Combined_episodenumber>6</Combined_episodenumber>
  <Combined_season>1</Combined_season>
  <DVD_chapter></DVD_chapter>
  <DVD_discid></DVD_discid>
  <DVD_episodenumber></DVD_episodenumber>
  <DVD_season></DVD_season>
  <Director>|Rodney Clouden|</Director>
  <EpImgFlag></EpImgFlag>
  <EpisodeName>Homeland Insecurity</EpisodeName>
  <EpisodeNumber>6</EpisodeNumber>
  <FirstAired>2005-06-12</FirstAired>
  <GuestStars>|Ron Livingston|Richard Kind|Gina Gershon|Matthew Lillard|</GuestStars>
  <IMDB_ID></IMDB_ID>
  <Language>en</Language>
  <Overview>Francine decides to throw a block party to get in touch with the neighborhood.  Stan learns his new neighbors are Iranian and immediately suspects that they are terrorists. To prepare Steve for living near terrorists, Stan makes Steve join a group of scouts, who turn out to be trouble makers. Roger is convinced he possesses hidden alien powers and is determined to find out what they are.</Overview>
  <ProductionCode>1AJN06</ProductionCode>
  <Rating>8.0</Rating>
  <SeasonNumber>1</SeasonNumber>
  <Writer>|Sam O'Neal|Neil Boushell|</Writer>
  <absolute_number></absolute_number>
  <filename>episodes/73141-108304.jpg</filename>
  <lastupdated>1220376132</lastupdated>
  <seasonid>5356</seasonid>
  <seriesid>73141</seriesid>
</Episode>
<Episode>
  <id>108305</id>
  <Combined_episodenumber>7</Combined_episodenumber>
  <Combined_season>1</Combined_season>
  <DVD_chapter></DVD_chapter>
  <DVD_discid></DVD_discid>
  <DVD_episodenumber></DVD_episodenumber>
  <DVD_season></DVD_season>
  <Director>|John Aoshima|</Director>
  <EpImgFlag></EpImgFlag>
  <EpisodeName>Deacon Stan, Jesus Man</EpisodeName>
  <EpisodeNumber>7</EpisodeNumber>
  <FirstAired>2005-06-19</FirstAired>
  <GuestStars>|Josh Groban|Molly Shannon|Martin Mull|Mike Barker|Marley Shelton|Dennis Predovic|</GuestStars>
  <IMDB_ID></IMDB_ID>
  <Language>en</Language>
  <Overview>Stan goes to great lengths to compete against his rival, Chuck White, and become the new deacon of their church. Meanwhile, Roger's &quot;&quot;temporary problem,&quot;&quot; which Stan tries to use to his advantage, causes all sorts of problems for Steve, Betsy, the rest of the family, and eventually, Stan.</Overview>
  <ProductionCode>1AJN07</ProductionCode>
  <Rating>7.0</Rating>
  <SeasonNumber>1</SeasonNumber>
  <Writer>|Nahnatchka Khan|</Writer>
  <absolute_number></absolute_number>
  <filename>episodes/73141-108305.jpg</filename>
  <lastupdated>1220376142</lastupdated>
  <seasonid>5356</seasonid>
  <seriesid>73141</seriesid>
</Episode>
<Episode>
  <id>306168</id>
  <Combined_episodenumber>8</Combined_episodenumber>
  <Combined_season>1</Combined_season>
  <DVD_chapter></DVD_chapter>
  <DVD_discid></DVD_discid>
  <DVD_episodenumber></DVD_episodenumber>
  <DVD_season></DVD_season>
  <Director>|Brent Woods|</Director>
  <EpImgFlag></EpImgFlag>
  <EpisodeName>Bullocks to Stan</EpisodeName>
  <EpisodeNumber>8</EpisodeNumber>
  <FirstAired>2005-09-11</FirstAired>
  <GuestStars>|Patrick Stewart|Jeff Fischer|Mike Henry|Stephen Root|Candi Milo|Chris Edgerly|Billy West|</GuestStars>
  <IMDB_ID></IMDB_ID>
  <Language>en</Language>
  <Overview>When Stan is up for a promotion, he asks his family to be on their best behavior at the CIA picnic. Unfortunately, Hayley ends up getting into a fight with Stan's boss, Bullock, which makes Stan think his chances for the promotion are ruined. But when Stan goes to Bullock's house to apologize for Hayley's behavior, he's shocked to discover Bullock's new woman.</Overview>
  <ProductionCode>1AJN09</ProductionCode>
  <Rating>6.0</Rating>
  <SeasonNumber>1</SeasonNumber>
  <Writer>|Alison McDonald|</Writer>
  <absolute_number></absolute_number>
  <filename>episodes/73141-306168.jpg</filename>
  <lastupdated>1220376156</lastupdated>
  <seasonid>5356</seasonid>
  <seriesid>73141</seriesid>
</Episode>
<Episode>
  <id>306169</id>
  <Combined_episodenumber>9</Combined_episodenumber>
  <Combined_season>1</Combined_season>
  <DVD_chapter></DVD_chapter>
  <DVD_discid></DVD_discid>
  <DVD_episodenumber></DVD_episodenumber>
  <DVD_season></DVD_season>
  <Director>|Pam Cooke|</Director>
  <EpImgFlag></EpImgFlag>
  <EpisodeName>A Smith in the Hand</EpisodeName>
  <EpisodeNumber>9</EpisodeNumber>
  <FirstAired>2005-09-18</FirstAired>
  <GuestStars>|Mike Henry|Mike Barker|Seth MacFarlane|Wendy Schaal|Scott Menville|Peter MacKenzie|Kevin Michael Richardson|</GuestStars>
  <IMDB_ID></IMDB_ID>
  <Language>en</Language>
  <Overview>When Steve brings home a permission slip to take sex ed at school, Stan flips out and demands to teach it himself. However, after Stan unrealistically explains the birds and the bees to Steve, he gets into an accident that causes him to take matters into his own hands. Meanwhile, Roger becomes a bartender in hopes of making something of himself.</Overview>
  <ProductionCode>1AJN10</ProductionCode>
  <Rating>7.0</Rating>
  <SeasonNumber>1</SeasonNumber>
  <Writer>|David Hemingson|</Writer>
  <absolute_number></absolute_number>
  <filename>episodes/73141-306169.jpg</filename>
  <lastupdated>1220376166</lastupdated>
  <seasonid>5356</seasonid>
  <seriesid>73141</seriesid>
</Episode>
<Episode>
  <id>306167</id>
  <Combined_episodenumber>10</Combined_episodenumber>
  <Combined_season>1</Combined_season>
  <DVD_chapter></DVD_chapter>
  <DVD_discid></DVD_discid>
  <DVD_episodenumber></DVD_episodenumber>
  <DVD_season></DVD_season>
  <Director>|Mike Kim|</Director>
  <EpImgFlag></EpImgFlag>
  <EpisodeName>All About Steve</EpisodeName>
  <EpisodeNumber>10</EpisodeNumber>
  <FirstAired>2005-09-25</FirstAired>
  <GuestStars>|Seth MacFarlane|Curtis Armstrong|Eddie Kaye Thomas|Stephen Root|Mike Henry|Daisuke Suzuki|Patrick Stewart|Mike Barker|Stephen Colbert|Brian Posehn|Jon Ross|Catero Colbert|</GuestStars>
  <IMDB_ID></IMDB_ID>
  <Language>en</Language>
  <Overview>When the CIA organizes a father-son baseball game, Stan is determined to show his co-workers that his son is masculine and athletic. Unfortunately, Steve is a geek, so Stan decides to lie and ditches him. But after getting a taste of his own treatment at work, Stan turns to Steve and his sci-fi knowledge to help capture a cyber-terrorist. Meanwhile, Roger goes incognito in a desperate attempt to interact with humans.</Overview>
  <ProductionCode>1AJN08</ProductionCode>
  <Rating>7.5</Rating>
  <SeasonNumber>1</SeasonNumber>
  <Writer>|Matt McKenna|Chris McKenna (II)|</Writer>
  <absolute_number></absolute_number>
  <filename>episodes/73141-306167.jpg</filename>
  <lastupdated>1220376177</lastupdated>
  <seasonid>5356</seasonid>
  <seriesid>73141</seriesid>
</Episode>
<Episode>
  <id>306170</id>
  <Combined_episodenumber>11</Combined_episodenumber>
  <Combined_season>1</Combined_season>
  <DVD_chapter></DVD_chapter>
  <DVD_discid></DVD_discid>
  <DVD_episodenumber></DVD_episodenumber>
  <DVD_season></DVD_season>
  <Director>|Albert Calleros|</Director>
  <EpImgFlag></EpImgFlag>
  <EpisodeName>Con Heir</EpisodeName>
  <EpisodeNumber>11</EpisodeNumber>
  <FirstAired>2005-10-02</FirstAired>
  <GuestStars>|Mike Henry|Patrick Stewart|Curtis Armstrong|Daran Norris|Martin Mull|Dee Bradley Baker|Sherry Weston|</GuestStars>
  <IMDB_ID></IMDB_ID>
  <Language>en</Language>
  <Overview>When Stan's father passes away, Stan reveals his real father is actually Jack Smith, a super suave spy. Jack convinces Stan to quit the CIA and work with him at the Scarlet Alliance, an ultra-secret spy group. Francine is upset with Stan, who is busy training with Jack for a mission involving uranium, artwork and terrorists. But when the FBI shows up at the Smiths' house looking for an international jewel thief, Francine suspects Jack is the fake.</Overview>
  <ProductionCode>1AJN11</ProductionCode>
  <Rating>7.7</Rating>
  <SeasonNumber>1</SeasonNumber>
  <Writer>|Steve Hely|</Writer>
  <absolute_number></absolute_number>
  <filename>episodes/73141-306170.jpg</filename>
  <lastupdated>1220376190</lastupdated>
  <seasonid>5356</seasonid>
  <seriesid>73141</seriesid>
</Episode>
<Episode>
  <id>306171</id>
  <Combined_episodenumber>12</Combined_episodenumber>
  <Combined_season>1</Combined_season>
  <DVD_chapter></DVD_chapter>
  <DVD_discid></DVD_discid>
  <DVD_episodenumber></DVD_episodenumber>
  <DVD_season></DVD_season>
  <Director>|Rodney Clouden|</Director>
  <EpImgFlag></EpImgFlag>
  <EpisodeName>Stan of Arabia (1)</EpisodeName>
  <EpisodeNumber>12</EpisodeNumber>
  <FirstAired>2005-11-06</FirstAired>
  <GuestStars>|Stephen Root|Jill Talley|Patrick Stewart|Mike Henry|Peter Lurie|Paget Brewster|Jeff Bennett|Fred Tatasciore|Brian George|Neal Feinberg|April Stewart|AndrÃ© Sogliuzzo|Wally Wingert|Odile Corso|Jeff Fischer|</GuestStars>
  <IMDB_ID></IMDB_ID>
  <Language>en</Language>
  <Overview>Stan has to throw a party for his boss and assumes his wife Francine will do all the work, but she refuses. With Stan as party planner, the event turns into a disaster. As a result, Stan's boss relocates Stan and his family to Saudi Arabia, where they quickly get a taste of life on foreign ground. As American and Arabian social norms clash, gender wars heat up.</Overview>
  <ProductionCode>1AJN12</ProductionCode>
  <Rating>6.7</Rating>
  <SeasonNumber>1</SeasonNumber>
  <Writer>|Nahnatchka Khan|</Writer>
  <absolute_number></absolute_number>
  <filename>episodes/73141-306171.jpg</filename>
  <lastupdated>1220376202</lastupdated>
  <seasonid>5356</seasonid>
  <seriesid>73141</seriesid>
</Episode>
<Episode>
  <id>306172</id>
  <Combined_episodenumber>13</Combined_episodenumber>
  <Combined_season>1</Combined_season>
  <DVD_chapter></DVD_chapter>
  <DVD_discid></DVD_discid>
  <DVD_episodenumber></DVD_episodenumber>
  <DVD_season></DVD_season>
  <Director>|Anthony Lioi|</Director>
  <EpImgFlag></EpImgFlag>
  <EpisodeName>Stan of Arabia (2)</EpisodeName>
  <EpisodeNumber>13</EpisodeNumber>
  <FirstAired>2005-11-13</FirstAired>
  <GuestStars>|Patrick Stewart|Mike Henry|Fred Tatasciore|Odile Corso|Gina Gershon|Peter Lurie|Oded Fehr|Paget Brewster|Grant Heslov|Zuhair Haddad|Neal Feinberg|Brian George|</GuestStars>
  <IMDB_ID></IMDB_ID>
  <Language>en</Language>
  <Overview>As the Smiths continue to live in Saudi Arabia, Stan is fully enjoying the male-dominated society, while the rest of the family struggles with the different social norms. Meanwhile, Francine's musical expos on gender roles gets her into trouble, and a brush with death leads the Smiths to return to the United States.</Overview>
  <ProductionCode>1AJN13</ProductionCode>
  <Rating>7.0</Rating>
  <SeasonNumber>1</SeasonNumber>
  <Writer>|Craig Thomas|Carter Bays|</Writer>
  <absolute_number></absolute_number>
  <filename>episodes/73141-306172.jpg</filename>
  <lastupdated>1220376210</lastupdated>
  <seasonid>5356</seasonid>
  <seriesid>73141</seriesid>
</Episode>
<Episode>
  <id>306173</id>
  <Combined_episodenumber>14</Combined_episodenumber>
  <Combined_season>1</Combined_season>
  <DVD_chapter></DVD_chapter>
  <DVD_discid></DVD_discid>
  <DVD_episodenumber></DVD_episodenumber>
  <DVD_season></DVD_season>
  <Director>|John Aoshima|</Director>
  <EpImgFlag></EpImgFlag>
  <EpisodeName>Stannie Get Your Gun</EpisodeName>
  <EpisodeNumber>14</EpisodeNumber>
  <FirstAired>2005-11-20</FirstAired>
  <GuestStars>|Mike Barker|Seth MacFarlane|Jill Talley|Elias Koteas|John Carroll Lynch|Beau Bridges|</GuestStars>
  <IMDB_ID></IMDB_ID>
  <Language>en</Language>
  <Overview>Francine insists that Stan and Hayley spend an entire day together, after their arguments drive her crazy, so they can work out their differences about gun control. However, her plan backfires when he takes Hayley to the &quot;&quot;National Gun Association Land,&quot;&quot; where their conflicting opinions about gun control drive them even further apart. Back home, Roger schemes to get revenge on Steve for eating one of his cookies by convincing him that he's adopted.</Overview>
  <ProductionCode>1AJN14</ProductionCode>
  <Rating>6.5</Rating>
  <SeasonNumber>1</SeasonNumber>
  <Writer>|Brian Boyle|</Writer>
  <absolute_number></absolute_number>
  <filename>episodes/73141-306173.jpg</filename>
  <lastupdated>1220376227</lastupdated>
  <seasonid>5356</seasonid>
  <seriesid>73141</seriesid>
</Episode>
<Episode>
  <id>301904</id>
  <Combined_episodenumber>15</Combined_episodenumber>
  <Combined_season>1</Combined_season>
  <DVD_chapter></DVD_chapter>
  <DVD_discid></DVD_discid>
  <DVD_episodenumber></DVD_episodenumber>
  <DVD_season></DVD_season>
  <Director>|Mike Kim|</Director>
  <EpImgFlag></EpImgFlag>
  <EpisodeName>Star Trek</EpisodeName>
  <EpisodeNumber>15</EpisodeNumber>
  <FirstAired>2005-11-27</FirstAired>
  <GuestStars>|Eddie Kaye Thomas|Matt McKenna|Jill Talley|Bryan Cranston|Leslie Jordan|Daisuke Suzuki|Curtis Armstrong|Jim Wise|</GuestStars>
  <IMDB_ID></IMDB_ID>
  <Language>en</Language>
  <Overview>Steve becomes a famous author, and the entire family gets caught up in his celebrity, including Stan, who becomes an unbearable &quot;&quot;stage parent.&quot;&quot; After Steve hooks up with an agent, he abandons his family to lead a &quot;&quot;Cribs&quot;&quot; lifestyle.</Overview>
  <ProductionCode>1AJN15</ProductionCode>
  <Rating>6.5</Rating>
  <SeasonNumber>1</SeasonNumber>
  <Writer>|Matt McKenna|Chris McKenna (II)|</Writer>
  <absolute_number></absolute_number>
  <filename>episodes/73141-301904.jpg</filename>
  <lastupdated>1220376242</lastupdated>
  <seasonid>5356</seasonid>
  <seriesid>73141</seriesid>
</Episode>
<Episode>
  <id>306164</id>
  <Combined_episodenumber>16</Combined_episodenumber>
  <Combined_season>1</Combined_season>
  <DVD_chapter></DVD_chapter>
  <DVD_discid></DVD_discid>
  <DVD_episodenumber></DVD_episodenumber>
  <DVD_season></DVD_season>
  <Director>|Brent Woods|</Director>
  <EpImgFlag></EpImgFlag>
  <EpisodeName>Not Particularly Desperate Housewives</EpisodeName>
  <EpisodeNumber>16</EpisodeNumber>
  <FirstAired>2005-12-18</FirstAired>
  <GuestStars>|Patrick Stewart|Jill Talley|Mike Barker|Seth MacFarlane|Megyn Price|Michael G. Hagerty|Freddy Rodriguez|Eric Edwards|Molly Shannon|Paget Brewster|Sandra Oh|</GuestStars>
  <IMDB_ID></IMDB_ID>
  <Language>en</Language>
  <Overview>As Stan continues to dominate the household, Francine finds herself idolizing a group of women who seem to have it all. She tries to impress them and even lies in order to gain acceptance into their group, until she realizes they aren't as perfect as they seem. Meanwhile, loyalties are tested when Stan gets a new best friend.</Overview>
  <ProductionCode>1AJN16</ProductionCode>
  <Rating>7.0</Rating>
  <SeasonNumber>1</SeasonNumber>
  <Writer>|Dan Vebber|</Writer>
  <absolute_number></absolute_number>
  <filename>episodes/73141-306164.jpg</filename>
  <lastupdated>1220376269</lastupdated>
  <seasonid>5356</seasonid>
  <seriesid>73141</seriesid>
</Episode>
<Episode>
  <id>302987</id>
  <Combined_episodenumber>17</Combined_episodenumber>
  <Combined_season>1</Combined_season>
  <DVD_chapter></DVD_chapter>
  <DVD_discid></DVD_discid>
  <DVD_episodenumber></DVD_episodenumber>
  <DVD_season></DVD_season>
  <Director>|Pam Cooke|</Director>
  <EpImgFlag></EpImgFlag>
  <EpisodeName>Rough Trade</EpisodeName>
  <EpisodeNumber>17</EpisodeNumber>
  <FirstAired>2006-01-08</FirstAired>
  <GuestStars>|Jill Talley|Patrick Stewart|Jason Lee|Beau Bridges|Robert Tinkler|Andy Richter|Megyn Price|Ron Livingston|Mike Barker|</GuestStars>
  <IMDB_ID></IMDB_ID>
  <Language>en</Language>
  <Overview>After Stan and Roger have a rough day, they get into a fight that leads to a &quot;&quot;Freaky Friday&quot;&quot;-type switcheroo where they get a taste of life in each other's shoes. But after the excitement of a new life stales, they face each other's problems as Roger is under pressure at work and Stan yearns to be needed. The swap gets out of hand as the family starts to crumble.</Overview>
  <ProductionCode>1AJN17</ProductionCode>
  <Rating>8.0</Rating>
  <SeasonNumber>1</SeasonNumber>
  <Writer>|David Zuckerman|</Writer>
  <absolute_number></absolute_number>
  <filename>episodes/73141-302987.jpg</filename>
  <lastupdated>1220376278</lastupdated>
  <seasonid>5356</seasonid>
  <seriesid>73141</seriesid>
</Episode>
<Episode>
  <id>306166</id>
  <Combined_episodenumber>18</Combined_episodenumber>
  <Combined_season>1</Combined_season>
  <DVD_chapter></DVD_chapter>
  <DVD_discid></DVD_discid>
  <DVD_episodenumber></DVD_episodenumber>
  <DVD_season></DVD_season>
  <Director>Albert  Calleros</Director>
  <EpImgFlag></EpImgFlag>
  <EpisodeName>Finances With Wolves</EpisodeName>
  <EpisodeNumber>18</EpisodeNumber>
  <FirstAired>2006-01-29</FirstAired>
  <GuestStars>|Daisuke Suzuki| Nicole Sullivan| Eddie Kaye Thomas| Peter MacKenzie| David Herman| Curtis Armstrong|</GuestStars>
  <IMDB_ID></IMDB_ID>
  <Language>en</Language>
  <Overview>After receiving a hefty bonus from work, Stan buys extravagant gadgets while Francine pleads for her dream kiosk. Upset about his lack of support, Francine opens a muffin shop without his approval and gives Stan a taste of life without a housewife. In a desperate move, Stan puts Klaus' brain back into a human body – only to discover it was a huge mistake as Klaus tries to win over Francine. Meanwhile, Steve is convinced he's a teen wolf after watching a horror film.</Overview>
  <ProductionCode>1AJN18</ProductionCode>
  <Rating>7.5</Rating>
  <SeasonNumber>1</SeasonNumber>
  <Writer>Neal Boushell, Sam O'Neal</Writer>
  <absolute_number></absolute_number>
  <filename>episodes/73141-306166.jpg</filename>
  <lastupdated>1220376289</lastupdated>
  <seasonid>5356</seasonid>
  <seriesid>73141</seriesid>
</Episode>
<Episode>
  <id>307253</id>
  <Combined_episodenumber>19</Combined_episodenumber>
  <Combined_season>1</Combined_season>
  <DVD_chapter></DVD_chapter>
  <DVD_discid></DVD_discid>
  <DVD_episodenumber></DVD_episodenumber>
  <DVD_season></DVD_season>
  <Director>Rodney  Clouden</Director>
  <EpImgFlag></EpImgFlag>
  <EpisodeName>It's Good to be the Queen</EpisodeName>
  <EpisodeNumber>19</EpisodeNumber>
  <FirstAired>2006-02-26</FirstAired>
  <GuestStars>|Jeff Fischer| David Zuckerman| Loan Gruffudd| Matt McKenna| Dayna Devin| Jon Cryer| Leigh-Allyn Baker| Jeremy Sisto| Mike Barker|</GuestStars>
  <IMDB_ID></IMDB_ID>
  <Language>en</Language>
  <Overview>Because of a past incident at his own prom, where he was lured into a dance with the homecoming queen only to have a pile of pigs dropped on him, Stan wants revenge by showing off that he married a homecoming queen, Francine. A proud Stan accompanies Francine to her reunion, but when they find out that two ballots were lost and that Francine didn’t actually win the crown, Stan is devastated. Meanwhile, a dejected Steve is “saved” by a pizza delivery man with a Messianic message.</Overview>
  <ProductionCode>1AJN19</ProductionCode>
  <Rating>6.0</Rating>
  <SeasonNumber>1</SeasonNumber>
  <Writer>Alison McDonald</Writer>
  <absolute_number></absolute_number>
  <filename>episodes/73141-307253.jpg</filename>
  <lastupdated>1220376301</lastupdated>
  <seasonid>5356</seasonid>
  <seriesid>73141</seriesid>
</Episode>
<Episode>
  <id>307254</id>
  <Combined_episodenumber>20</Combined_episodenumber>
  <Combined_season>1</Combined_season>
  <DVD_chapter></DVD_chapter>
  <DVD_discid></DVD_discid>
  <DVD_episodenumber></DVD_episodenumber>
  <DVD_season></DVD_season>
  <Director>Anthony Lioi</Director>
  <EpImgFlag></EpImgFlag>
  <EpisodeName>Roger 'n Me</EpisodeName>
  <EpisodeNumber>20</EpisodeNumber>
  <FirstAired>2006-04-23</FirstAired>
  <GuestStars>|Alex Borstein| John Torbett| Peter Scolari| Wendie Jo Sperber| Mike Barker| Peter Facinelli| Jennie Garth|</GuestStars>
  <IMDB_ID></IMDB_ID>
  <Language>en</Language>
  <Overview>When Stan goes to Atlantic City for a bachelor party and is shunned by his so-called best friend, Roger steps in and becomes Stan's new sidekick. Their friendship goes to a whole new level, but when they return home and face Francine, Stan realizes that what happens in Atlantic City doesn't necessarily stay there. Meanwhile, Hayley and Steve team up to break up a good-looking couple.</Overview>
  <ProductionCode>2AJN01</ProductionCode>
  <Rating>9.0</Rating>
  <SeasonNumber>1</SeasonNumber>
  <Writer>Rick Wiener, Kenny Schwartz</Writer>
  <absolute_number></absolute_number>
  <filename>episodes/73141-307254.jpg</filename>
  <lastupdated>1220376312</lastupdated>
  <seasonid>5356</seasonid>
  <seriesid>73141</seriesid>
</Episode>
<Episode>
  <id>307252</id>
  <Combined_episodenumber>21</Combined_episodenumber>
  <Combined_season>1</Combined_season>
  <DVD_chapter></DVD_chapter>
  <DVD_discid></DVD_discid>
  <DVD_episodenumber></DVD_episodenumber>
  <DVD_season></DVD_season>
  <Director>Caleb Meurer</Director>
  <EpImgFlag></EpImgFlag>
  <EpisodeName>Helping Handis</EpisodeName>
  <EpisodeNumber>21</EpisodeNumber>
  <FirstAired>2006-04-30</FirstAired>
  <GuestStars>|André Sogliuzzo| Kevin Michael Richardson| Fred Tatasciore| Mike Barker| John DiMaggio| John Cho| Matt McKenna| Eddie Kaye Thomas|</GuestStars>
  <IMDB_ID></IMDB_ID>
  <Language>en</Language>
  <Overview>Stan wants Steve to be popular and goes to desperate measures giving him steroids to make him bigger, better, and part of the in-crowd at school. But when the steroids have an unexpected side effect, Steve gets a lot more attention than anyone expected. Meanwhile, after Hayley makes a movie about Francine's life as a housewife, Francine is determined to start a new career as a doctor.</Overview>
  <ProductionCode>2AJN02</ProductionCode>
  <Rating>7.0</Rating>
  <SeasonNumber>1</SeasonNumber>
  <Writer>Nahnatchka Khan</Writer>
  <absolute_number></absolute_number>
  <filename>episodes/73141-307252.jpg</filename>
  <lastupdated>1220376322</lastupdated>
  <seasonid>5356</seasonid>
  <seriesid>73141</seriesid>
</Episode>
<Episode>
  <id>307231</id>
  <Combined_episodenumber>22</Combined_episodenumber>
  <Combined_season>1</Combined_season>
  <DVD_chapter></DVD_chapter>
  <DVD_discid></DVD_discid>
  <DVD_episodenumber></DVD_episodenumber>
  <DVD_season></DVD_season>
  <Director>John  Aoshima</Director>
  <EpImgFlag></EpImgFlag>
  <EpisodeName>With Friends Like Steve's</EpisodeName>
  <EpisodeNumber>22</EpisodeNumber>
  <FirstAired>2006-05-07</FirstAired>
  <GuestStars>|Eddie Kaye Thomas| James DeBello| Craig Ferguson| Matt McKenna| Chris Klein|</GuestStars>
  <IMDB_ID></IMDB_ID>
  <Language>en</Language>
  <Overview>After Steve shows a lack of interest in Stan's job, Stan replaces him with Barry, Steve's malicious friend. Barry frames Steve to eliminate him from the household, but when Steve discovers Barry's weakness, he relies on his CIA skills to save the family. Meanwhile, Roger takes an impressive keg-stand and uses it to become a fraternity brother.</Overview>
  <ProductionCode>2AJN03</ProductionCode>
  <Rating>8.0</Rating>
  <SeasonNumber>1</SeasonNumber>
  <Writer>Erik Durbin</Writer>
  <absolute_number></absolute_number>
  <filename>episodes/73141-307231.jpg</filename>
  <lastupdated>1220376331</lastupdated>
  <seasonid>5356</seasonid>
  <seriesid>73141</seriesid>
</Episode>
<Episode>
  <id>309547</id>
  <Combined_episodenumber>23</Combined_episodenumber>
  <Combined_season>1</Combined_season>
  <DVD_chapter></DVD_chapter>
  <DVD_discid></DVD_discid>
  <DVD_episodenumber></DVD_episodenumber>
  <DVD_season></DVD_season>
  <Director>Brent Woods</Director>
  <EpImgFlag></EpImgFlag>
  <EpisodeName>Tears of a Clooney</EpisodeName>
  <EpisodeNumber>23</EpisodeNumber>
  <FirstAired>2006-05-14</FirstAired>
  <GuestStars>|John DiMaggio| Kate Jackson| André Sogliuzzo|</GuestStars>
  <IMDB_ID></IMDB_ID>
  <Language>en</Language>
  <Overview>When Francine's birthday brings back haunting memories of a celebrity film moment stolen by George Clooney, Francine's new dream is to destroy the star. But when she tries to win Clooney's heart with the intention of breaking it, Stan actually falls for him and sabotages the plan. Meanwhile, back at home, Roger builds a vineyard and starts up a private sweat shop of foster children.</Overview>
  <ProductionCode>2AJN04</ProductionCode>
  <Rating>9.0</Rating>
  <SeasonNumber>1</SeasonNumber>
  <Writer>Matt McKenna, Chris McKenna (II)</Writer>
  <absolute_number></absolute_number>
  <filename>episodes/73141-309547.jpg</filename>
  <lastupdated>1223332252</lastupdated>
  <seasonid>5356</seasonid>
  <seriesid>73141</seriesid>
</Episode>
<Episode>
  <id>307007</id>
  <Combined_episodenumber>1</Combined_episodenumber>
  <Combined_season>2</Combined_season>
  <DVD_chapter></DVD_chapter>
  <DVD_discid></DVD_discid>
  <DVD_episodenumber></DVD_episodenumber>
  <DVD_season></DVD_season>
  <Director>Albert  Calleros</Director>
  <EpImgFlag></EpImgFlag>
  <EpisodeName>Camp Refoogee</EpisodeName>
  <EpisodeNumber>1</EpisodeNumber>
  <FirstAired>2006-09-10</FirstAired>
  <GuestStars>|Seth Rogen| Thandie Newton| Christine Taylor| Romany Malco|</GuestStars>
  <IMDB_ID></IMDB_ID>
  <Language>en</Language>
  <Overview>When Stan tries to trick Steve into attending summer camp, things go horribly wrong and Steve ends up in a refugee camp. However, Stan, being the eternal optimist, joins Steve and manages to stage a camp Olympics between the refugees and the rebel faction living across the river.
</Overview>
  <ProductionCode></ProductionCode>
  <Rating></Rating>
  <SeasonNumber>2</SeasonNumber>
  <Writer>Josh Bycel, Jonathan Fener</Writer>
  <absolute_number></absolute_number>
  <filename>episodes/73141-307007.jpg</filename>
  <lastupdated>1220376578</lastupdated>
  <seasonid>5357</seasonid>
  <seriesid>73141</seriesid>
</Episode>
<Episode>
  <id>307089</id>
  <Combined_episodenumber>2</Combined_episodenumber>
  <Combined_season>2</Combined_season>
  <DVD_chapter></DVD_chapter>
  <DVD_discid></DVD_discid>
  <DVD_episodenumber></DVD_episodenumber>
  <DVD_season></DVD_season>
  <Director>Pam Cooke</Director>
  <EpImgFlag></EpImgFlag>
  <EpisodeName>The American Dad After School Special</EpisodeName>
  <EpisodeNumber>2</EpisodeNumber>
  <FirstAired>2006-09-17</FirstAired>
  <GuestStars>|David Herman| Patrick Stewart| Azura Skye| Lizzy Caplan|</GuestStars>
  <IMDB_ID></IMDB_ID>
  <Language>en</Language>
  <Overview>Stan realizes his own weight problem after he criticizes Steve about his new, overweight girlfriend, so he goes overboard with exercising, and develops anorexia. Steve realizes that his overweight girlfriend is the root of his father's problems, and he has to make a hard choice in an effort to save his father's life.
</Overview>
  <ProductionCode></ProductionCode>
  <Rating>6.0</Rating>
  <SeasonNumber>2</SeasonNumber>
  <Writer>Dan Vebber</Writer>
  <absolute_number></absolute_number>
  <filename>episodes/73141-307089.jpg</filename>
  <lastupdated>1220376593</lastupdated>
  <seasonid>5357</seasonid>
  <seriesid>73141</seriesid>
</Episode>
<Episode>
  <id>307090</id>
  <Combined_episodenumber>3</Combined_episodenumber>
  <Combined_season>2</Combined_season>
  <DVD_chapter></DVD_chapter>
  <DVD_discid></DVD_discid>
  <DVD_episodenumber></DVD_episodenumber>
  <DVD_season></DVD_season>
  <Director>Rodney  Clouden</Director>
  <EpImgFlag></EpImgFlag>
  <EpisodeName>Failure is Not a Factory-Installed Option</EpisodeName>
  <EpisodeNumber>3</EpisodeNumber>
  <FirstAired>2006-09-24</FirstAired>
  <GuestStars>|Swoosie Kurtz| Patrick Stewart| Beau Bridges| Eddie Kaye Thomas| Elias Koteas| Curtis Armstrong| Christine Baranski| John DiMaggio| Scott Lowell|</GuestStars>
  <IMDB_ID></IMDB_ID>
  <Language>en</Language>
  <Overview>Stan loses his confidence, and his job, when a car salesman gets the best of him in a negotiation. Meanwhile, Roger and Steve set up a makeshift drive-in to try to get to first base with popular schoolgirls.
</Overview>
  <ProductionCode></ProductionCode>
  <Rating></Rating>
  <SeasonNumber>2</SeasonNumber>
  <Writer>Etan Cohen</Writer>
  <absolute_number></absolute_number>
  <filename>episodes/73141-307090.jpg</filename>
  <lastupdated>1220376604</lastupdated>
  <seasonid>5357</seasonid>
  <seriesid>73141</seriesid>
</Episode>
<Episode>
  <id>307091</id>
  <Combined_episodenumber>4</Combined_episodenumber>
  <Combined_season>2</Combined_season>
  <DVD_chapter></DVD_chapter>
  <DVD_discid></DVD_discid>
  <DVD_episodenumber></DVD_episodenumber>
  <DVD_season></DVD_season>
  <Director></Director>
  <EpImgFlag></EpImgFlag>
  <EpisodeName>Lincoln Lover</EpisodeName>
  <EpisodeNumber>4</EpisodeNumber>
  <FirstAired>2006-11-05</FirstAired>
  <GuestStars>|Tom Hollander| Stark Sands| Wilson Cruz| Scott Lowell| Peter Paige| Suzanne Cryer|</GuestStars>
  <IMDB_ID></IMDB_ID>
  <Language>en</Language>
  <Overview>Stan has his heart set on speaking at the Republican National Convention on behalf of the Langley chapter, but when they pass him up for another candidate, he accepts the only endorsement he gets from the local chapter of Gay Republicans. While the people around him disapprove of his new lifestyle choice, Stan decides to follow his heart to speak on their behalf.
</Overview>
  <ProductionCode></ProductionCode>
  <Rating></Rating>
  <SeasonNumber>2</SeasonNumber>
  <Writer>Brian Boyle</Writer>
  <absolute_number></absolute_number>
  <filename>episodes/73141-307091.jpg</filename>
  <lastupdated>1220376614</lastupdated>
  <seasonid>5357</seasonid>
  <seriesid>73141</seriesid>
</Episode>
<Episode>
  <id>309548</id>
  <Combined_episodenumber>5</Combined_episodenumber>
  <Combined_season>2</Combined_season>
  <DVD_chapter></DVD_chapter>
  <DVD_discid></DVD_discid>
  <DVD_episodenumber></DVD_episodenumber>
  <DVD_season></DVD_season>
  <Director></Director>
  <EpImgFlag></EpImgFlag>
  <EpisodeName>Dungeons and Wagons</EpisodeName>
  <EpisodeNumber>5</EpisodeNumber>
  <FirstAired>2006-11-12</FirstAired>
  <GuestStars>|Curtis Armstrong| Eddie Kaye Thomas| Daisuke Suzuki| John DiMaggio| Jeff Fischer|</GuestStars>
  <IMDB_ID></IMDB_ID>
  <Language>en</Language>
  <Overview>After Francine tells Stan she's looking for excitement in their marriage, Stan gets in the driver's seat and becomes involved in drag racing to spice things up. Meanwhile, Hayley breaks up with her boyfriend, Jeff, who is emotionally crushed until he joins Steve's world of online gaming. When Hayley finds out, she tries to sabotage their fun.
</Overview>
  <ProductionCode></ProductionCode>
  <Rating></Rating>
  <SeasonNumber>2</SeasonNumber>
  <Writer></Writer>
  <absolute_number></absolute_number>
  <filename>episodes/73141-309548.jpg</filename>
  <lastupdated>1220376627</lastupdated>
  <seasonid>5357</seasonid>
  <seriesid>73141</seriesid>
</Episode>
<Episode>
  <id>313673</id>
  <Combined_episodenumber>6</Combined_episodenumber>
  <Combined_season>2</Combined_season>
  <DVD_chapter></DVD_chapter>
  <DVD_discid></DVD_discid>
  <DVD_episodenumber></DVD_episodenumber>
  <DVD_season></DVD_season>
  <Director></Director>
  <EpImgFlag></EpImgFlag>
  <EpisodeName>Iced, Iced Babies</EpisodeName>
  <EpisodeNumber>6</EpisodeNumber>
  <FirstAired>2006-11-19</FirstAired>
  <GuestStars></GuestStars>
  <IMDB_ID></IMDB_ID>
  <Language>en</Language>
  <Overview>When Steve's new relationship with his girlfriend gives Francine empty nest syndrome, she tries to convince Stan to have another baby. Meanwhile, Roger tries to enroll in college with Haley in order to experience college life, but while Roger ends up teaching the class, Haley finds a new crush in her classmate Ethan (Elijah Woods), who turns out to be far from normal.</Overview>
  <ProductionCode></ProductionCode>
  <Rating></Rating>
  <SeasonNumber>2</SeasonNumber>
  <Writer>Steve Hely</Writer>
  <absolute_number></absolute_number>
  <filename>episodes/73141-313673.jpg</filename>
  <lastupdated>1220376648</lastupdated>
  <seasonid>5357</seasonid>
  <seriesid>73141</seriesid>
</Episode>
<Episode>
  <id>314392</id>
  <Combined_episodenumber>7</Combined_episodenumber>
  <Combined_season>2</Combined_season>
  <DVD_chapter></DVD_chapter>
  <DVD_discid></DVD_discid>
  <DVD_episodenumber></DVD_episodenumber>
  <DVD_season></DVD_season>
  <Director></Director>
  <EpImgFlag></EpImgFlag>
  <EpisodeName>Of Ice and Men</EpisodeName>
  <EpisodeNumber>7</EpisodeNumber>
  <FirstAired>2006-11-26</FirstAired>
  <GuestStars></GuestStars>
  <IMDB_ID></IMDB_ID>
  <Language>en</Language>
  <Overview>When Francine discovers Stan's secret, decades-old passion for competitive figure skating, she decides to be supportive and becomes his pairs partner until Stan's competitive nature gets the best of him and he ditches her for a new partner. Meanwhile, Steve's classmate Snot finds new respect among his peers when he parades his mail-order bride around the playground.</Overview>
  <ProductionCode></ProductionCode>
  <Rating></Rating>
  <SeasonNumber>2</SeasonNumber>
  <Writer>Brian Boyle</Writer>
  <absolute_number></absolute_number>
  <filename>episodes/73141-314392.jpg</filename>
  <lastupdated>1220376664</lastupdated>
  <seasonid>5357</seasonid>
  <seriesid>73141</seriesid>
</Episode>
<Episode>
  <id>317063</id>
  <Combined_episodenumber>8</Combined_episodenumber>
  <Combined_season>2</Combined_season>
  <DVD_chapter></DVD_chapter>
  <DVD_discid></DVD_discid>
  <DVD_episodenumber></DVD_episodenumber>
  <DVD_season></DVD_season>
  <Director>Pam Cooke</Director>
  <EpImgFlag></EpImgFlag>
  <EpisodeName>Irregarding Steve</EpisodeName>
  <EpisodeNumber>8</EpisodeNumber>
  <FirstAired>2006-12-10</FirstAired>
  <GuestStars>|John Krasinski (Gilbert Squirrel)|  Johnny Galecki (Arnie Squirrel)|  Rusty Schwimmer (Mama Squirrel)|  Leslie Jordan (Beauregard)|  Jon Stewart|</GuestStars>
  <IMDB_ID></IMDB_ID>
  <Language>en</Language>
  <Overview>When Roger helps Steve see that his father isn't as smart as he always believed, the power-hungry pair set their sights on fame and fortune in New York City. It doesn't take long for Roger to lose everything on Wall Street, and Steve contemplates prostitution after Jon Stewart shoots down his comedy routine. Meanwhile, the rest of the family is certain that the two have just run away to the tree house, so when it explodes in a lightning storm, they are devastated, but console themselves with Steve's college fund.</Overview>
  <ProductionCode>2AJN12</ProductionCode>
  <Rating></Rating>
  <SeasonNumber>2</SeasonNumber>
  <Writer>Chris McKenna (II), Matt McKenna</Writer>
  <absolute_number></absolute_number>
  <filename>episodes/73141-317063.jpg</filename>
  <lastupdated>1220376678</lastupdated>
  <seasonid>5357</seasonid>
  <seriesid>73141</seriesid>
</Episode>
<Episode>
  <id>317064</id>
  <Combined_episodenumber>9</Combined_episodenumber>
  <Combined_season>2</Combined_season>
  <DVD_chapter></DVD_chapter>
  <DVD_discid></DVD_discid>
  <DVD_episodenumber></DVD_episodenumber>
  <DVD_season></DVD_season>
  <Director>Albert Calleros</Director>
  <EpImgFlag></EpImgFlag>
  <EpisodeName>The Best Christmas Story Never</EpisodeName>
  <EpisodeNumber>9</EpisodeNumber>
  <FirstAired>2006-12-17</FirstAired>
  <GuestStars>|Lisa Kudrow (The Ghost of Christmas Past)|  Chris Diamantopolous (Donald Sutherland and Robert Deniro)|  Rick Hoffman (Caroler #1 and John Hinkley)|  Seth MacFarlane (Greg Corbin)|  Mike Barker (Terry Bates)|</GuestStars>
  <IMDB_ID></IMDB_ID>
  <Language>en</Language>
  <Overview>When an injunction prevents Langley Falls from lighting their annual Christmas tree, Stan blames secular non-believers for ruining his favorite holiday. With Stan's holiday spirit at an all-time low, the Ghost of Christmas Past visits him and tries to show him the true meaning of Christmas. However, Stan is convinced that Christmas can be saved by changing the outcome of Vietnam, but finds that changing the past only dramatically changes the future.</Overview>
  <ProductionCode>2AJN14</ProductionCode>
  <Rating>6.0</Rating>
  <SeasonNumber>2</SeasonNumber>
  <Writer>Brian Boyle</Writer>
  <absolute_number></absolute_number>
  <filename>episodes/73141-317064.jpg</filename>
  <lastupdated>1220376688</lastupdated>
  <seasonid>5357</seasonid>
  <seriesid>73141</seriesid>
</Episode>
<Episode>
  <id>317065</id>
  <Combined_episodenumber>10</Combined_episodenumber>
  <Combined_season>2</Combined_season>
  <DVD_chapter></DVD_chapter>
  <DVD_discid></DVD_discid>
  <DVD_episodenumber></DVD_episodenumber>
  <DVD_season></DVD_season>
  <Director>Mike Kim</Director>
  <EpImgFlag></EpImgFlag>
  <EpisodeName>Bush Comes to Dinner</EpisodeName>
  <EpisodeNumber>10</EpisodeNumber>
  <FirstAired>2007-01-07</FirstAired>
  <GuestStars>|Patrick Stewart (Bullock)|  Stephen Root (Dick/Co-Worker #4)|  Bobby Lee (Korean Man)|  Mike Henry (Jackson)|</GuestStars>
  <IMDB_ID></IMDB_ID>
  <Language>en</Language>
  <Overview>When Stan enters an essay contest to have his personal hero, President Bush, come over for dinner, he is overcome with joy when the President arrives at his doorstep. However, not everyone in the Smith family shares Stan's excitement. Hayley tries to drill President Bush on the Iraq war, and Steve and Roger attempt to convince him that they've found Osama Bin Laden, but instead get him drunk. Stan tries to save the President from public humiliation, while Hayley revels in his fall from glory.</Overview>
  <ProductionCode>2AJN13</ProductionCode>
  <Rating></Rating>
  <SeasonNumber>2</SeasonNumber>
  <Writer>Matt Weitzman, Mike Barker</Writer>
  <absolute_number></absolute_number>
  <filename>episodes/73141-317065.jpg</filename>
  <lastupdated>1220376705</lastupdated>
  <seasonid>5357</seasonid>
  <seriesid>73141</seriesid>
</Episode>
<Episode>
  <id>319317</id>
  <Combined_episodenumber>11</Combined_episodenumber>
  <Combined_season>2</Combined_season>
  <DVD_chapter></DVD_chapter>
  <DVD_discid></DVD_discid>
  <DVD_episodenumber></DVD_episodenumber>
  <DVD_season></DVD_season>
  <Director>Rodney Clouden</Director>
  <EpImgFlag></EpImgFlag>
  <EpisodeName>American Dream Factory</EpisodeName>
  <EpisodeNumber>11</EpisodeNumber>
  <FirstAired>2007-01-28</FirstAired>
  <GuestStars>|Efren Ramirez (Paco)|  Patrick Stewart (Bullock)|  Eddie Kaye Thomas (Barry)|  Curtis Armstrong (Snot)|  Iggy Pop (Jerry)|  Stark Sands (Williams)|  Elizabeth Peña (Store Owner)|  Niecy Nash (Patty LaBelle)|  Miguel Ferrer (Agent Hopkins)|</GuestStars>
  <IMDB_ID></IMDB_ID>
  <Language>en</Language>
  <Overview>When Stan feels like he's not climbing the ladder fast enough at work, he turns to his lifelong ambition of making festive teddy bears. However, when he realizes that making a quick profit takes a lot of work, he resorts to using illegal aliens as cheap labor. Meanwhile, Hayley sees her father's new business model as an atrocity and takes matters into her own hands by calling Uncle Sam.</Overview>
  <ProductionCode>2AJN16</ProductionCode>
  <Rating></Rating>
  <SeasonNumber>2</SeasonNumber>
  <Writer>Nahnatchka Khan</Writer>
  <absolute_number></absolute_number>
  <filename>episodes/73141-319317.jpg</filename>
  <lastupdated>1220376721</lastupdated>
  <seasonid>5357</seasonid>
  <seriesid>73141</seriesid>
</Episode>
<Episode>
  <id>320162</id>
  <Combined_episodenumber>12</Combined_episodenumber>
  <Combined_season>2</Combined_season>
  <DVD_chapter></DVD_chapter>
  <DVD_discid></DVD_discid>
  <DVD_episodenumber></DVD_episodenumber>
  <DVD_season></DVD_season>
  <Director>Joe Daniello</Director>
  <EpImgFlag></EpImgFlag>
  <EpisodeName>A.T. The Abusive Terrestrial</EpisodeName>
  <EpisodeNumber>12</EpisodeNumber>
  <FirstAired>2007-02-11</FirstAired>
  <GuestStars>|Masam Holden (Henry)|  Mike Barker (Gordon)|  Jeff Fischer (Jeff Fischer)|  Patton Oswalt (Bob)|  Peter Graves (Mr. Pibb)|</GuestStars>
  <IMDB_ID></IMDB_ID>
  <Language>en</Language>
  <Overview>When Roger is rejected by Steve, who seems to be over him, Roger heads out in search of a new human companion. But when this new friend starts to abuse Roger and the relationship turns into a lot of excuses and sorry's, Steve and Hayley scheme to get Roger out of the bad relationship and back home where he belongs. Meanwhile, Stan tours the Mr. Pibb factory and meets the man himself.</Overview>
  <ProductionCode>2AJN17</ProductionCode>
  <Rating></Rating>
  <SeasonNumber>2</SeasonNumber>
  <Writer>Dan Vebber</Writer>
  <absolute_number></absolute_number>
  <filename>episodes/73141-320162.jpg</filename>
  <lastupdated>1220376732</lastupdated>
  <seasonid>5357</seasonid>
  <seriesid>73141</seriesid>
</Episode>
<Episode>
  <id>320723</id>
  <Combined_episodenumber>13</Combined_episodenumber>
  <Combined_season>2</Combined_season>
  <DVD_chapter></DVD_chapter>
  <DVD_discid></DVD_discid>
  <DVD_episodenumber></DVD_episodenumber>
  <DVD_season></DVD_season>
  <Director>Brent Woods</Director>
  <EpImgFlag></EpImgFlag>
  <EpisodeName>Black Mystery Month</EpisodeName>
  <EpisodeNumber>13</EpisodeNumber>
  <FirstAired>2007-02-18</FirstAired>
  <GuestStars>|Curtis Armstrong (Snot)|  Kevin Michael Richardson (Principal Lewis)|</GuestStars>
  <IMDB_ID></IMDB_ID>
  <Language>en</Language>
  <Overview>While researching a paper about George Washington Carver in celebration of Black History Month, Steve uncovers a conspiracy that's been going on since the Civil War. When the curator of the Smithsonian Peanut Museum reaches out to tell Steve the truth, he's mysteriously murdered, and Steve and Stan are tracked by a secret society that will stop at nothing to keep this scandalous secret of American history.</Overview>
  <ProductionCode>2AJN20</ProductionCode>
  <Rating></Rating>
  <SeasonNumber>2</SeasonNumber>
  <Writer>Laura McCreary</Writer>
  <absolute_number></absolute_number>
  <filename>episodes/73141-320723.jpg</filename>
  <lastupdated>1220376749</lastupdated>
  <seasonid>5357</seasonid>
  <seriesid>73141</seriesid>
</Episode>
<Episode>
  <id>327015</id>
  <Combined_episodenumber>14</Combined_episodenumber>
  <Combined_season>2</Combined_season>
  <DVD_chapter></DVD_chapter>
  <DVD_discid></DVD_discid>
  <DVD_episodenumber></DVD_episodenumber>
  <DVD_season></DVD_season>
  <Director></Director>
  <EpImgFlag></EpImgFlag>
  <EpisodeName>An Apocalypse to Remember </EpisodeName>
  <EpisodeNumber>14</EpisodeNumber>
  <FirstAired>2007-03-25</FirstAired>
  <GuestStars></GuestStars>
  <IMDB_ID></IMDB_ID>
  <Language>en</Language>
  <Overview>Stan arrives late to a CIA nuclear drill and thinks it's real. He decides to move the family into the mountains to survive the apocalypse. Even though he realizes his error, he begins to enjoy the attention that he gets from the family so much that he doesn't tell them the truth. However, when the family meets a mountain man and learns the truth, Stan has some explaining to do. </Overview>
  <ProductionCode>2AJN19</ProductionCode>
  <Rating>10.0</Rating>
  <SeasonNumber>2</SeasonNumber>
  <Writer></Writer>
  <absolute_number></absolute_number>
  <filename>episodes/73141-327015.jpg</filename>
  <lastupdated>1220376763</lastupdated>
  <seasonid>5357</seasonid>
  <seriesid>73141</seriesid>
</Episode>
<Episode>
  <id>327062</id>
  <Combined_episodenumber>15</Combined_episodenumber>
  <Combined_season>2</Combined_season>
  <DVD_chapter></DVD_chapter>
  <DVD_discid></DVD_discid>
  <DVD_episodenumber></DVD_episodenumber>
  <DVD_season></DVD_season>
  <Director>Caleb Meurer</Director>
  <EpImgFlag></EpImgFlag>
  <EpisodeName>Four Little Words</EpisodeName>
  <EpisodeNumber>15</EpisodeNumber>
  <FirstAired>2007-04-01</FirstAired>
  <GuestStars>|Mike Henry| Stephen Root|</GuestStars>
  <IMDB_ID></IMDB_ID>
  <Language>en</Language>
  <Overview>Stan sets Bullock up on a date with one of Francine's friends. Fearing that Francine will be right about the outcome of the date, Stan goes to great lengths to make sure it goes well by getting everyone drunk. Unfortunately, Bullock accidentally kills the woman, to which Stan frames Francine for the murder in order to keep her from asking so many questions.</Overview>
  <ProductionCode>2AJN18</ProductionCode>
  <Rating></Rating>
  <SeasonNumber>2</SeasonNumber>
  <Writer>David Zuckerman</Writer>
  <absolute_number></absolute_number>
  <filename>episodes/73141-327062.jpg</filename>
  <lastupdated>1220376774</lastupdated>
  <seasonid>5357</seasonid>
  <seriesid>73141</seriesid>
</Episode>
<Episode>
  <id>327164</id>
  <Combined_episodenumber>16</Combined_episodenumber>
  <Combined_season>2</Combined_season>
  <DVD_chapter></DVD_chapter>
  <DVD_discid></DVD_discid>
  <DVD_episodenumber></DVD_episodenumber>
  <DVD_season></DVD_season>
  <Director></Director>
  <EpImgFlag></EpImgFlag>
  <EpisodeName>When a Stan Loves a Woman</EpisodeName>
  <EpisodeNumber>16</EpisodeNumber>
  <FirstAired>2007-04-29</FirstAired>
  <GuestStars></GuestStars>
  <IMDB_ID></IMDB_ID>
  <Language>en</Language>
  <Overview>After Stan discovers that Francine has a secret sex garden, he feels like their marriage may be crumbling. Looking to rekindle their romance, Francine asks for a divorce so that Stan can experience life as a bachelor again, and both learn a valuable lesson in love. Meanwhile, addicted to an energy drink, Steve finds himself panhandling in the streets to support his new habit.</Overview>
  <ProductionCode>2AJN23</ProductionCode>
  <Rating></Rating>
  <SeasonNumber>2</SeasonNumber>
  <Writer></Writer>
  <absolute_number></absolute_number>
  <filename>episodes/73141-327164.jpg</filename>
  <lastupdated>1220376787</lastupdated>
  <seasonid>5357</seasonid>
  <seriesid>73141</seriesid>
</Episode>
<Episode>
  <id>327165</id>
  <Combined_episodenumber>17</Combined_episodenumber>
  <Combined_season>2</Combined_season>
  <DVD_chapter></DVD_chapter>
  <DVD_discid></DVD_discid>
  <DVD_episodenumber></DVD_episodenumber>
  <DVD_season></DVD_season>
  <Director></Director>
  <EpImgFlag></EpImgFlag>
  <EpisodeName>I Can't Stan You</EpisodeName>
  <EpisodeNumber>17</EpisodeNumber>
  <FirstAired>2007-05-06</FirstAired>
  <GuestStars></GuestStars>
  <IMDB_ID></IMDB_ID>
  <Language>en</Language>
  <Overview>When Stan brings home CIA equipment designed to eavesdrop on conversations, he finds out that his neighbors don't think too highly of him. In retaliation, Stan has the entire neighborhood evicted so that he can live free of any criticism. However, when an unexpected friend comes to his rescue, he realizes that gossip is a two-way street.</Overview>
  <ProductionCode>2AJN15</ProductionCode>
  <Rating>7.0</Rating>
  <SeasonNumber>2</SeasonNumber>
  <Writer></Writer>
  <absolute_number></absolute_number>
  <filename>episodes/73141-327165.jpg</filename>
  <lastupdated>1220376800</lastupdated>
  <seasonid>5357</seasonid>
  <seriesid>73141</seriesid>
</Episode>
<Episode>
  <id>328860</id>
  <Combined_episodenumber>18</Combined_episodenumber>
  <Combined_season>2</Combined_season>
  <DVD_chapter></DVD_chapter>
  <DVD_discid></DVD_discid>
  <DVD_episodenumber></DVD_episodenumber>
  <DVD_season></DVD_season>
  <Director></Director>
  <EpImgFlag></EpImgFlag>
  <EpisodeName>The Magnificent Steven</EpisodeName>
  <EpisodeNumber>18</EpisodeNumber>
  <FirstAired>2007-05-13</FirstAired>
  <GuestStars></GuestStars>
  <IMDB_ID></IMDB_ID>
  <Language>en</Language>
  <Overview>After Stan is prosecuted for sending contaminated cattle to a slaughterhouse, he says that it began as a quest to make a man out of Steve. Meanwhile, Roger sparks a cat fight between Francine and Hayley, for reasons of his own.</Overview>
  <ProductionCode>2AJN21</ProductionCode>
  <Rating></Rating>
  <SeasonNumber>2</SeasonNumber>
  <Writer></Writer>
  <absolute_number></absolute_number>
  <filename>episodes/73141-328860.jpg</filename>
  <lastupdated>1220376811</lastupdated>
  <seasonid>5357</seasonid>
  <seriesid>73141</seriesid>
</Episode>
<Episode>
  <id>329108</id>
  <Combined_episodenumber>19</Combined_episodenumber>
  <Combined_season>2</Combined_season>
  <DVD_chapter></DVD_chapter>
  <DVD_discid></DVD_discid>
  <DVD_episodenumber></DVD_episodenumber>
  <DVD_season></DVD_season>
  <Director></Director>
  <EpImgFlag></EpImgFlag>
  <EpisodeName>Joint Custody</EpisodeName>
  <EpisodeNumber>19</EpisodeNumber>
  <FirstAired>2007-05-20</FirstAired>
  <GuestStars></GuestStars>
  <IMDB_ID></IMDB_ID>
  <Language>en</Language>
  <Overview>Roger becomes a bounty hunter, and he and Stan race cross-country to turn in Jeff, who is wanted for smuggling pot into Florida.</Overview>
  <ProductionCode>2AJN24</ProductionCode>
  <Rating></Rating>
  <SeasonNumber>2</SeasonNumber>
  <Writer></Writer>
  <absolute_number></absolute_number>
  <filename>episodes/73141-329108.jpg</filename>
  <lastupdated>1220376824</lastupdated>
  <seasonid>5357</seasonid>
  <seriesid>73141</seriesid>
</Episode>
<Episode>
  <id>313216</id>
  <Combined_episodenumber>1</Combined_episodenumber>
  <Combined_season>3</Combined_season>
  <DVD_chapter></DVD_chapter>
  <DVD_discid></DVD_discid>
  <DVD_episodenumber></DVD_episodenumber>
  <DVD_season></DVD_season>
  <Director></Director>
  <EpImgFlag></EpImgFlag>
  <EpisodeName>The Vacation Goo</EpisodeName>
  <EpisodeNumber>1</EpisodeNumber>
  <FirstAired>2007-09-30</FirstAired>
  <GuestStars></GuestStars>
  <IMDB_ID></IMDB_ID>
  <Language>en</Language>
  <Overview>When Francine discovers that all of their family vacations have been artificially created memories, she gets very angry and demands a real vacation. However, when the vacation seems too good to be true, Francine is convinced it's the work of the CIA and causes the family to suffer the consequences. Meanwhile, Roger attempts to become the greatest actor who ever lived.</Overview>
  <ProductionCode>2AJN22</ProductionCode>
  <Rating></Rating>
  <SeasonNumber>3</SeasonNumber>
  <Writer></Writer>
  <absolute_number></absolute_number>
  <filename>episodes/73141-313216.jpg</filename>
  <lastupdated>1200420991</lastupdated>
  <seasonid>16414</seasonid>
  <seriesid>73141</seriesid>
</Episode>
<Episode>
  <id>313217</id>
  <Combined_episodenumber>2</Combined_episodenumber>
  <Combined_season>3</Combined_season>
  <DVD_chapter></DVD_chapter>
  <DVD_discid></DVD_discid>
  <DVD_episodenumber></DVD_episodenumber>
  <DVD_season></DVD_season>
  <Director></Director>
  <EpImgFlag></EpImgFlag>
  <EpisodeName>Meter Made</EpisodeName>
  <EpisodeNumber>2</EpisodeNumber>
  <FirstAired>2007-10-07</FirstAired>
  <GuestStars>Forest Whitaker|Molly Shannon</GuestStars>
  <IMDB_ID></IMDB_ID>
  <Language>en</Language>
  <Overview>In order to be taken more seriously and to be a somebody, Stan becomes a meter maid who seems to have all of the power. Now he's getting the best tables at restaurants, pocketing quarters from meters and impressing Francine with his prowess. But, when Turlington from Parking Internal Affairs pays him a visit, Stan realizes crime and this lifestyle don't pay. Meanwhile, Hayley poses nude for a college art class and is surprised to see Roger there.</Overview>
  <ProductionCode>3AJN01</ProductionCode>
  <Rating>7.0</Rating>
  <SeasonNumber>3</SeasonNumber>
  <Writer></Writer>
  <absolute_number></absolute_number>
  <filename>episodes/73141-313217.jpg</filename>
  <lastupdated>1200421041</lastupdated>
  <seasonid>16414</seasonid>
  <seriesid>73141</seriesid>
</Episode>
<Episode>
  <id>335792</id>
  <Combined_episodenumber>3</Combined_episodenumber>
  <Combined_season>3</Combined_season>
  <DVD_chapter></DVD_chapter>
  <DVD_discid></DVD_discid>
  <DVD_episodenumber></DVD_episodenumber>
  <DVD_season></DVD_season>
  <Director></Director>
  <EpImgFlag></EpImgFlag>
  <EpisodeName>Dope &amp; Faith</EpisodeName>
  <EpisodeNumber>3</EpisodeNumber>
  <FirstAired>2007-10-14</FirstAired>
  <GuestStars>Jocko Sims|Jay Thomas|Eartha Kitt</GuestStars>
  <IMDB_ID></IMDB_ID>
  <Language>en</Language>
  <Overview>Stan prays for a friend and thinks God sent him one, but he turns out to be an atheist. Stan tries to convince his friend that God exists by making his life extremely hard until his plan backfires. Meanwhile, Roger convinces Steve that he has been accepted to Hogwarts.</Overview>
  <ProductionCode>3AJN02</ProductionCode>
  <Rating>8.0</Rating>
  <SeasonNumber>3</SeasonNumber>
  <Writer></Writer>
  <absolute_number></absolute_number>
  <filename>episodes/73141-335792.jpg</filename>
  <lastupdated>1200421067</lastupdated>
  <seasonid>16414</seasonid>
  <seriesid>73141</seriesid>
</Episode>
<Episode>
  <id>335793</id>
  <Combined_episodenumber>4</Combined_episodenumber>
  <Combined_season>3</Combined_season>
  <DVD_chapter></DVD_chapter>
  <DVD_discid></DVD_discid>
  <DVD_episodenumber></DVD_episodenumber>
  <DVD_season></DVD_season>
  <Director>John Aoshima</Director>
  <EpImgFlag></EpImgFlag>
  <EpisodeName>Big Trouble in Little Langley</EpisodeName>
  <EpisodeNumber>4</EpisodeNumber>
  <FirstAired>2007-11-04</FirstAired>
  <GuestStars>Michael Dunn|Amy Hill|Jeff Perry|Terri Rodriguez|Fred Tatasciore|Holland Taylor|Tzi Ma</GuestStars>
  <IMDB_ID></IMDB_ID>
  <Language>en</Language>
  <Overview>When Francine's adopted parents stop by for an unannounced stay, Stan is furious that they refuse to assimilate to his &quot;man of the house&quot; ways. After he unsuccessfully tries to give them the boot, he is convinced that finding Francine's birth parents will change things. Meanwhile, Steve tries to live to the extreme in order to get to second base with the class hottie.</Overview>
  <ProductionCode>3AJN03</ProductionCode>
  <Rating></Rating>
  <SeasonNumber>3</SeasonNumber>
  <Writer>Kenny Schwartz|Rick Wiener</Writer>
  <absolute_number></absolute_number>
  <filename>episodes/73141-335793.jpg</filename>
  <lastupdated>1200421095</lastupdated>
  <seasonid>16414</seasonid>
  <seriesid>73141</seriesid>
</Episode>
<Episode>
  <id>335794</id>
  <Combined_episodenumber>5</Combined_episodenumber>
  <Combined_season>3</Combined_season>
  <DVD_chapter></DVD_chapter>
  <DVD_discid></DVD_discid>
  <DVD_episodenumber></DVD_episodenumber>
  <DVD_season></DVD_season>
  <Director></Director>
  <EpImgFlag></EpImgFlag>
  <EpisodeName>Haylias</EpisodeName>
  <EpisodeNumber>5</EpisodeNumber>
  <FirstAired>2007-11-11</FirstAired>
  <GuestStars>Fred Tatasciore|John Ennis|Rolando Molina|André Sogliuzzo|Ying Liu|Karen Maruyama|Niecy Nash</GuestStars>
  <IMDB_ID></IMDB_ID>
  <Language>en</Language>
  <Overview>When Hayley decides to move to France because of imperialistic oppression, Stan will do anything to stop her including revealing the fact that she was brainwashed as a child by the CIA. Feeling desperate, Stan activates her trigger word and gains control over Hayley against the advice of his boss, Bullock. Everything is going fine until Stan remembers that if he doesn’t change Hayley back to normal, there will be deadly consequences for him. Meanwhile, Steve and Roger become private Dick Tracys.</Overview>
  <ProductionCode>3AJN04</ProductionCode>
  <Rating></Rating>
  <SeasonNumber>3</SeasonNumber>
  <Writer></Writer>
  <absolute_number></absolute_number>
  <filename>episodes/73141-335794.jpg</filename>
  <lastupdated>1200421123</lastupdated>
  <seasonid>16414</seasonid>
  <seriesid>73141</seriesid>
</Episode>
<Episode>
  <id>335795</id>
  <Combined_episodenumber>6</Combined_episodenumber>
  <Combined_season>3</Combined_season>
  <DVD_chapter></DVD_chapter>
  <DVD_discid></DVD_discid>
  <DVD_episodenumber></DVD_episodenumber>
  <DVD_season></DVD_season>
  <Director>Pam Cooke</Director>
  <EpImgFlag></EpImgFlag>
  <EpisodeName>The 42-Year-Old Virgin</EpisodeName>
  <EpisodeNumber>6</EpisodeNumber>
  <FirstAired>2007-11-18</FirstAired>
  <GuestStars>Erik Durbin|Maria Bamford|Mike Barker|Don Lake|Matt McKenna|Victor Raider-Wexler|Timothy Taule|André Sogliuzzo</GuestStars>
  <IMDB_ID></IMDB_ID>
  <Language>en</Language>
  <Overview>While playing poker with the guys, Stan is found to be a virgin. Not in the traditional way, but in that he's never killed anyone. Roger and the guys help Stan bust his killing cherry.</Overview>
  <ProductionCode>3AJN05</ProductionCode>
  <Rating>7.0</Rating>
  <SeasonNumber>3</SeasonNumber>
  <Writer>Nahnatchka Khan</Writer>
  <absolute_number></absolute_number>
  <filename>episodes/73141-335795.jpg</filename>
  <lastupdated>1200421152</lastupdated>
  <seasonid>16414</seasonid>
  <seriesid>73141</seriesid>
</Episode>
<Episode>
  <id>335796</id>
  <Combined_episodenumber>7</Combined_episodenumber>
  <Combined_season>3</Combined_season>
  <DVD_chapter></DVD_chapter>
  <DVD_discid></DVD_discid>
  <DVD_episodenumber></DVD_episodenumber>
  <DVD_season></DVD_season>
  <Director>Tim Parsons</Director>
  <EpImgFlag></EpImgFlag>
  <EpisodeName>Surro-Gate</EpisodeName>
  <EpisodeNumber>7</EpisodeNumber>
  <FirstAired>2007-12-02</FirstAired>
  <GuestStars>Leisha Hailey|Jane Lynch|Mike Barker|Erik Durbin|Mike Henry</GuestStars>
  <IMDB_ID></IMDB_ID>
  <Language>en</Language>
  <Overview>When Francine decides to be a surrogate for her gay neighbors Terry and Greg, Stan's Republican blood boils. Although he pretends to be happy, when the baby is born, Stan kidnaps her and heads to the Nebraska boarder, where gay couples have no rights. Meanwhile Steve and Roger pull a Howard Hughes and become reclusive after they think Klaus is out to get them.</Overview>
  <ProductionCode>3AJN07</ProductionCode>
  <Rating></Rating>
  <SeasonNumber>3</SeasonNumber>
  <Writer>Erik Durbin</Writer>
  <absolute_number></absolute_number>
  <filename>episodes/73141-335796.jpg</filename>
  <lastupdated>1200421178</lastupdated>
  <seasonid>16414</seasonid>
  <seriesid>73141</seriesid>
</Episode>
<Episode>
  <id>335797</id>
  <Combined_episodenumber>8</Combined_episodenumber>
  <Combined_season>3</Combined_season>
  <DVD_chapter></DVD_chapter>
  <DVD_discid></DVD_discid>
  <DVD_episodenumber></DVD_episodenumber>
  <DVD_season></DVD_season>
  <Director></Director>
  <EpImgFlag></EpImgFlag>
  <EpisodeName>The Most Adequate Christmas Ever</EpisodeName>
  <EpisodeNumber>8</EpisodeNumber>
  <FirstAired>2007-12-16</FirstAired>
  <GuestStars>Erik Durbin|Paget Brewster|J.K. Simmons|Jane Lynch|Shawn Michael Howard|Matt McKenna|Steve Hely|John DiMaggio|Mike Barker</GuestStars>
  <IMDB_ID></IMDB_ID>
  <Language>en</Language>
  <Overview>After Stan comes home from another dangerous mission, he finds that his family has decked the halls with boughs of holly and donned themselves with gay apparel, but just not to his satisfaction. He demands a grander Christmas starting with the search of a bigger and better tree in the forest. When his family has had enough, Stan powers on by himself, finds the perfect tree and meets an untimely end. While in Limbo, he has to fight for a second chance at life and battle the forces of good and evil to save his family.</Overview>
  <ProductionCode>3AJN12</ProductionCode>
  <Rating></Rating>
  <SeasonNumber>3</SeasonNumber>
  <Writer></Writer>
  <absolute_number></absolute_number>
  <filename>episodes/73141-335797.jpg</filename>
  <lastupdated>1200421254</lastupdated>
  <seasonid>16414</seasonid>
  <seriesid>73141</seriesid>
</Episode>
<Episode>
  <id>335798</id>
  <Combined_episodenumber>9</Combined_episodenumber>
  <Combined_season>3</Combined_season>
  <DVD_chapter></DVD_chapter>
  <DVD_discid></DVD_discid>
  <DVD_episodenumber></DVD_episodenumber>
  <DVD_season></DVD_season>
  <Director></Director>
  <EpImgFlag></EpImgFlag>
  <EpisodeName>Frannie 911</EpisodeName>
  <EpisodeNumber>9</EpisodeNumber>
  <FirstAired>2008-01-06</FirstAired>
  <GuestStars></GuestStars>
  <IMDB_ID></IMDB_ID>
  <Language>en</Language>
  <Overview>After a big fight between Stan and Roger, Francine comes up with a plan to try and reunite the pair. Hoping to show Roger that Stan still cares about him, Francine fakes Roger's kidnapping, but when Stan never shows up to pay the ransom, it forces Roger to rethink the way he treats people.</Overview>
  <ProductionCode>3AJN06</ProductionCode>
  <Rating>8.0</Rating>
  <SeasonNumber>3</SeasonNumber>
  <Writer></Writer>
  <absolute_number></absolute_number>
  <filename>episodes/73141-335798.jpg</filename>
  <lastupdated>1201912333</lastupdated>
  <seasonid>16414</seasonid>
  <seriesid>73141</seriesid>
</Episode>
<Episode>
  <id>335799</id>
  <Combined_episodenumber>10</Combined_episodenumber>
  <Combined_season>3</Combined_season>
  <DVD_chapter></DVD_chapter>
  <DVD_discid></DVD_discid>
  <DVD_episodenumber></DVD_episodenumber>
  <DVD_season></DVD_season>
  <Director></Director>
  <EpImgFlag></EpImgFlag>
  <EpisodeName>Tearjerker</EpisodeName>
  <EpisodeNumber>10</EpisodeNumber>
  <FirstAired>2008-01-13</FirstAired>
  <GuestStars></GuestStars>
  <IMDB_ID></IMDB_ID>
  <Language>en</Language>
  <Overview>Stan and the family are characters in a James Bond style spoof. Stan must stop Tearjerker, played by Roger, a diabolical film producer who makes movies that can kill. Tearjerker's fiendish plot involves abducting celebrities from his spa and replacing them with celebrity robots that make horrible movies, all in an effort to make his masterpiece &quot;Oscar's Gold&quot; the best and saddest movie ever, causing millions of moviegoers to cry themselves to death.</Overview>
  <ProductionCode>3AJN08</ProductionCode>
  <Rating>8.0</Rating>
  <SeasonNumber>3</SeasonNumber>
  <Writer></Writer>
  <absolute_number></absolute_number>
  <filename>episodes/73141-335799.jpg</filename>
  <lastupdated>1200425514</lastupdated>
  <seasonid>16414</seasonid>
  <seriesid>73141</seriesid>
</Episode>
<Episode>
  <id>335800</id>
  <Combined_episodenumber>11</Combined_episodenumber>
  <Combined_season>3</Combined_season>
  <DVD_chapter></DVD_chapter>
  <DVD_discid></DVD_discid>
  <DVD_episodenumber></DVD_episodenumber>
  <DVD_season></DVD_season>
  <Director>Rodney Clouden</Director>
  <EpImgFlag></EpImgFlag>
  <EpisodeName>Oedipal Panties</EpisodeName>
  <EpisodeNumber>11</EpisodeNumber>
  <FirstAired>2008-01-27</FirstAired>
  <GuestStars></GuestStars>
  <IMDB_ID></IMDB_ID>
  <Language>en</Language>
  <Overview>When Stan’s mom gets dumped for the umpteenth time by a boyfriend, she comes running to Stan for support. Feeling threatened by her always-visiting mother-in-law, Francine is determined to cut Stan’s umbilical cord and figure out what keeps going wrong with the men in her life. Like a regular Cagney &amp; Lacey, Francine and Roger go undercover to solve the case. Meanwhile, Klaus gives Steve the ick.</Overview>
  <ProductionCode>3AJN09</ProductionCode>
  <Rating>9.0</Rating>
  <SeasonNumber>3</SeasonNumber>
  <Writer>David Hemingson</Writer>
  <absolute_number></absolute_number>
  <filename>episodes/73141-335800.jpg</filename>
  <lastupdated>1201530502</lastupdated>
  <seasonid>16414</seasonid>
  <seriesid>73141</seriesid>
</Episode>
<Episode>
  <id>335801</id>
  <Combined_episodenumber>12</Combined_episodenumber>
  <Combined_season>3</Combined_season>
  <DVD_chapter></DVD_chapter>
  <DVD_discid></DVD_discid>
  <DVD_episodenumber></DVD_episodenumber>
  <DVD_season></DVD_season>
  <Director>Bob Bowen</Director>
  <EpImgFlag></EpImgFlag>
  <EpisodeName>Widowmaker</EpisodeName>
  <EpisodeNumber>12</EpisodeNumber>
  <FirstAired>2008-02-17</FirstAired>
  <GuestStars>Christen Sussin|Sandra Bernhard</GuestStars>
  <IMDB_ID></IMDB_ID>
  <Language>en</Language>
  <Overview>Francine pushes Stan to open up to her emotionally, but she gets more than she bargained for when he tells her that he killed her best friend Julie's husband. Meanwhile, Roger plays psychiatrist to help them work through their issues.</Overview>
  <ProductionCode>3AJN10</ProductionCode>
  <Rating>9.0</Rating>
  <SeasonNumber>3</SeasonNumber>
  <Writer>Keith Heisler</Writer>
  <absolute_number></absolute_number>
  <filename>episodes/73141-335801.jpg</filename>
  <lastupdated>1205135623</lastupdated>
  <seasonid>16414</seasonid>
  <seriesid>73141</seriesid>
</Episode>
<Episode>
  <id>335802</id>
  <Combined_episodenumber>13</Combined_episodenumber>
  <Combined_season>3</Combined_season>
  <DVD_chapter></DVD_chapter>
  <DVD_discid></DVD_discid>
  <DVD_episodenumber></DVD_episodenumber>
  <DVD_season></DVD_season>
  <Director>Caleb Meurer</Director>
  <EpImgFlag>1</EpImgFlag>
  <EpisodeName>Red October Sky</EpisodeName>
  <EpisodeNumber>13</EpisodeNumber>
  <FirstAired>2008-04-27</FirstAired>
  <GuestStars>Kevin Michael Richardson</GuestStars>
  <IMDB_ID></IMDB_ID>
  <Language>en</Language>
  <Overview>Stan goes in search of a former KGB agent, Sergei, and is shocked to find that the man is his new next-door neighbor and that Sergei has already turned Steve into a communist. Meanwhile, Roger and Klaus head to France for a little R&amp;R but their trip takes a turn for the worse when Klaus gets busted for drug smuggling.</Overview>
  <ProductionCode>3AJN11</ProductionCode>
  <Rating>7.0</Rating>
  <SeasonNumber>3</SeasonNumber>
  <Writer>Steve Hely</Writer>
  <absolute_number></absolute_number>
  <filename>episodes/73141-335802.jpg</filename>
  <lastupdated>1209375691</lastupdated>
  <seasonid>16414</seasonid>
  <seriesid>73141</seriesid>
</Episode>
<Episode>
  <id>335803</id>
  <Combined_episodenumber>14</Combined_episodenumber>
  <Combined_season>3</Combined_season>
  <DVD_chapter></DVD_chapter>
  <DVD_discid></DVD_discid>
  <DVD_episodenumber></DVD_episodenumber>
  <DVD_season></DVD_season>
  <Director></Director>
  <EpImgFlag>1</EpImgFlag>
  <EpisodeName>Office Spaceman</EpisodeName>
  <EpisodeNumber>14</EpisodeNumber>
  <FirstAired>2008-05-04</FirstAired>
  <GuestStars></GuestStars>
  <IMDB_ID></IMDB_ID>
  <Language>en</Language>
  <Overview>Roger begins to release photos of himself to the local media for extra cash, prompting the CIA to initiate an Alien Task Force. Through a twist of fate, Roger ends up in charge of the task force in disguise, creating tension at home as he is now Stan's boss.  Meanwhile, Francine comes to grips with being left-handed and Roger frames Stan as an alien in attempt to keep his identity a secret.</Overview>
  <ProductionCode>3AJN13</ProductionCode>
  <Rating>8.0</Rating>
  <SeasonNumber>3</SeasonNumber>
  <Writer></Writer>
  <absolute_number></absolute_number>
  <filename>episodes/73141-335803.jpg</filename>
  <lastupdated>1209999518</lastupdated>
  <seasonid>16414</seasonid>
  <seriesid>73141</seriesid>
</Episode>
<Episode>
  <id>335804</id>
  <Combined_episodenumber>15</Combined_episodenumber>
  <Combined_season>3</Combined_season>
  <DVD_chapter></DVD_chapter>
  <DVD_discid></DVD_discid>
  <DVD_episodenumber></DVD_episodenumber>
  <DVD_season></DVD_season>
  <Director>Pam Cooke</Director>
  <EpImgFlag>1</EpImgFlag>
  <EpisodeName>Stanny Slickers II: The Legend of Ollie's Gold</EpisodeName>
  <EpisodeNumber>15</EpisodeNumber>
  <FirstAired>2008-05-11</FirstAired>
  <GuestStars></GuestStars>
  <IMDB_ID></IMDB_ID>
  <Language>en</Language>
  <Overview>Officially declared dead after an accident with a pudding truck, Stan comes back to life to realize his dream of leaving a legacy on the world and begins to excavate his home in search of Ollie North's &quot;Contra&quot;-band buried treasure. As the search for gold goes &quot;North,&quot; life at home heads south as Hayley turns to body-piercing, Steve creates a robotic girlfriend and Roger files for sexual harassment.</Overview>
  <ProductionCode>3AJN14</ProductionCode>
  <Rating>6.7</Rating>
  <SeasonNumber>3</SeasonNumber>
  <Writer>Erik Sommers</Writer>
  <absolute_number></absolute_number>
  <filename>episodes/73141-335804.jpg</filename>
  <lastupdated>1210594356</lastupdated>
  <seasonid>16414</seasonid>
  <seriesid>73141</seriesid>
</Episode>
<Episode>
  <id>335805</id>
  <Combined_episodenumber>16</Combined_episodenumber>
  <Combined_season>3</Combined_season>
  <DVD_chapter></DVD_chapter>
  <DVD_discid></DVD_discid>
  <DVD_episodenumber></DVD_episodenumber>
  <DVD_season></DVD_season>
  <Director>Albert Calleros</Director>
  <EpImgFlag>1</EpImgFlag>
  <EpisodeName>Spring Breakup</EpisodeName>
  <EpisodeNumber>16</EpisodeNumber>
  <FirstAired>2008-05-18</FirstAired>
  <GuestStars></GuestStars>
  <IMDB_ID></IMDB_ID>
  <Language>en</Language>
  <Overview>Stan has a Spring Break-induced mid-life crisis. With Francine away visiting her parents, Roger invites Spring Breakers to party at the Smith household. But Stan nearly has a Spring Breakdown when he falls prey to booze-cruising Jessica and Steve tries to lose his virginity to the luscious Carmen Selectra.</Overview>
  <ProductionCode>3AJN17</ProductionCode>
  <Rating>7.2</Rating>
  <SeasonNumber>3</SeasonNumber>
  <Writer>Nahnatchka Khan</Writer>
  <absolute_number></absolute_number>
  <filename>episodes/73141-335805.jpg</filename>
  <lastupdated>1211440528</lastupdated>
  <seasonid>16414</seasonid>
  <seriesid>73141</seriesid>
</Episode>
<Episode>
  <id>378653</id>
  <Combined_episodenumber>1</Combined_episodenumber>
  <Combined_season>4</Combined_season>
  <DVD_chapter></DVD_chapter>
  <DVD_discid></DVD_discid>
  <DVD_episodenumber></DVD_episodenumber>
  <DVD_season></DVD_season>
  <Director></Director>
  <EpImgFlag>1</EpImgFlag>
  <EpisodeName>1600 Candles</EpisodeName>
  <EpisodeNumber>1</EpisodeNumber>
  <FirstAired>2008-09-28</FirstAired>
  <GuestStars></GuestStars>
  <IMDB_ID></IMDB_ID>
  <Language>en</Language>
  <Overview>The Smiths' plans to celebrate Roger's 1,600th birthday are sidetracked when Steve announces that he's finally going through puberty. Ever fearful of the thought of a Steve with raging hormones, Stan and Francine try to bypass the pains of having another teenager with experimental medicine.</Overview>
  <ProductionCode>3AJN20</ProductionCode>
  <Rating>6.5</Rating>
  <SeasonNumber>4</SeasonNumber>
  <Writer></Writer>
  <absolute_number></absolute_number>
  <filename>episodes/73141-378653.jpg</filename>
  <lastupdated>1223178402</lastupdated>
  <seasonid>34100</seasonid>
  <seriesid>73141</seriesid>
</Episode>
<Episode>
  <id>378656</id>
  <Combined_episodenumber>2</Combined_episodenumber>
  <Combined_season>4</Combined_season>
  <DVD_chapter></DVD_chapter>
  <DVD_discid></DVD_discid>
  <DVD_episodenumber></DVD_episodenumber>
  <DVD_season></DVD_season>
  <Director></Director>
  <EpImgFlag>1</EpImgFlag>
  <EpisodeName>The One That Got Away</EpisodeName>
  <EpisodeNumber>2</EpisodeNumber>
  <FirstAired>2008-10-05</FirstAired>
  <GuestStars></GuestStars>
  <IMDB_ID></IMDB_ID>
  <Language>en</Language>
  <Overview>When Roger discovers that someone has maxed out his credit card, he is certain it is identify theft and is determined to bring down the crook. After playing &quot;Matlock&quot; for a few days and dishing out some street justice, he realizes things are not quite right and seem all too familiar.</Overview>
  <ProductionCode>3AJN16</ProductionCode>
  <Rating>7.4</Rating>
  <SeasonNumber>4</SeasonNumber>
  <Writer></Writer>
  <absolute_number></absolute_number>
  <filename>episodes/73141-378656.jpg</filename>
  <lastupdated>1223303313</lastupdated>
  <seasonid>34100</seasonid>
  <seriesid>73141</seriesid>
</Episode>
<Episode>
  <id>378659</id>
  <Combined_episodenumber>3</Combined_episodenumber>
  <Combined_season>4</Combined_season>
  <DVD_chapter></DVD_chapter>
  <DVD_discid></DVD_discid>
  <DVD_episodenumber></DVD_episodenumber>
  <DVD_season></DVD_season>
  <Director></Director>
  <EpImgFlag></EpImgFlag>
  <EpisodeName>One Little Word</EpisodeName>
  <EpisodeNumber>3</EpisodeNumber>
  <FirstAired>2008-10-19</FirstAired>
  <GuestStars></GuestStars>
  <IMDB_ID></IMDB_ID>
  <Language>en</Language>
  <Overview>When Stan becomes his boss' go-to guy, he feels like he can't say no to anything including outrageous personal requests. But when Francine gets roped into the annoying ordeal and her romantic Valentine's Day get-away is ruined, she lays down the law and forces Stan to say &quot;NO&quot;.</Overview>
  <ProductionCode></ProductionCode>
  <Rating></Rating>
  <SeasonNumber>4</SeasonNumber>
  <Writer></Writer>
  <absolute_number></absolute_number>
  <filename></filename>
  <lastupdated>1222737148</lastupdated>
  <seasonid>34100</seasonid>
  <seriesid>73141</seriesid>
</Episode>
<Episode>
  <id>378661</id>
  <Combined_episodenumber>4</Combined_episodenumber>
  <Combined_season>4</Combined_season>
  <DVD_chapter></DVD_chapter>
  <DVD_discid></DVD_discid>
  <DVD_episodenumber></DVD_episodenumber>
  <DVD_season></DVD_season>
  <Director></Director>
  <EpImgFlag></EpImgFlag>
  <EpisodeName>Phantom of the Telethon</EpisodeName>
  <EpisodeNumber>4</EpisodeNumber>
  <FirstAired></FirstAired>
  <GuestStars></GuestStars>
  <IMDB_ID></IMDB_ID>
  <Language>en</Language>
  <Overview></Overview>
  <ProductionCode></ProductionCode>
  <Rating></Rating>
  <SeasonNumber>4</SeasonNumber>
  <Writer></Writer>
  <absolute_number></absolute_number>
  <filename></filename>
  <lastupdated>1217878005</lastupdated>
  <seasonid>34100</seasonid>
  <seriesid>73141</seriesid>
</Episode>
<Episode>
  <id>378663</id>
  <Combined_episodenumber>5</Combined_episodenumber>
  <Combined_season>4</Combined_season>
  <DVD_chapter></DVD_chapter>
  <DVD_discid></DVD_discid>
  <DVD_episodenumber></DVD_episodenumber>
  <DVD_season></DVD_season>
  <Director></Director>
  <EpImgFlag></EpImgFlag>
  <EpisodeName>Choosey Wives Choose Smith</EpisodeName>
  <EpisodeNumber>5</EpisodeNumber>
  <FirstAired></FirstAired>
  <GuestStars></GuestStars>
  <IMDB_ID></IMDB_ID>
  <Language>en</Language>
  <Overview></Overview>
  <ProductionCode></ProductionCode>
  <Rating></Rating>
  <SeasonNumber>4</SeasonNumber>
  <Writer></Writer>
  <absolute_number></absolute_number>
  <filename></filename>
  <lastupdated>1217878019</lastupdated>
  <seasonid>34100</seasonid>
  <seriesid>73141</seriesid>
</Episode>
<Episode>
  <id>378665</id>
  <Combined_episodenumber>6</Combined_episodenumber>
  <Combined_season>4</Combined_season>
  <DVD_chapter></DVD_chapter>
  <DVD_discid></DVD_discid>
  <DVD_episodenumber></DVD_episodenumber>
  <DVD_season></DVD_season>
  <Director></Director>
  <EpImgFlag></EpImgFlag>
  <EpisodeName>Sixteen Hundred Candles</EpisodeName>
  <EpisodeNumber>6</EpisodeNumber>
  <FirstAired></FirstAired>
  <GuestStars></GuestStars>
  <IMDB_ID></IMDB_ID>
  <Language>en</Language>
  <Overview></Overview>
  <ProductionCode></ProductionCode>
  <Rating></Rating>
  <SeasonNumber>4</SeasonNumber>
  <Writer></Writer>
  <absolute_number></absolute_number>
  <filename></filename>
  <lastupdated>1217878030</lastupdated>
  <seasonid>34100</seasonid>
  <seriesid>73141</seriesid>
</Episode>
<Episode>
  <id>378667</id>
  <Combined_episodenumber>7</Combined_episodenumber>
  <Combined_season>4</Combined_season>
  <DVD_chapter></DVD_chapter>
  <DVD_discid></DVD_discid>
  <DVD_episodenumber></DVD_episodenumber>
  <DVD_season></DVD_season>
  <Director></Director>
  <EpImgFlag></EpImgFlag>
  <EpisodeName>The One That Got Away</EpisodeName>
  <EpisodeNumber>7</EpisodeNumber>
  <FirstAired></FirstAired>
  <GuestStars></GuestStars>
  <IMDB_ID></IMDB_ID>
  <Language>en</Language>
  <Overview></Overview>
  <ProductionCode></ProductionCode>
  <Rating></Rating>
  <SeasonNumber>4</SeasonNumber>
  <Writer></Writer>
  <absolute_number></absolute_number>
  <filename></filename>
  <lastupdated>1217878042</lastupdated>
  <seasonid>34100</seasonid>
  <seriesid>73141</seriesid>
</Episode>
<Episode>
  <id>378670</id>
  <Combined_episodenumber>8</Combined_episodenumber>
  <Combined_season>4</Combined_season>
  <DVD_chapter></DVD_chapter>
  <DVD_discid></DVD_discid>
  <DVD_episodenumber></DVD_episodenumber>
  <DVD_season></DVD_season>
  <Director></Director>
  <EpImgFlag></EpImgFlag>
  <EpisodeName>Chimdale</EpisodeName>
  <EpisodeNumber>8</EpisodeNumber>
  <FirstAired></FirstAired>
  <GuestStars></GuestStars>
  <IMDB_ID></IMDB_ID>
  <Language>en</Language>
  <Overview></Overview>
  <ProductionCode></ProductionCode>
  <Rating></Rating>
  <SeasonNumber>4</SeasonNumber>
  <Writer></Writer>
  <absolute_number></absolute_number>
  <filename></filename>
  <lastupdated>1217878052</lastupdated>
  <seasonid>34100</seasonid>
  <seriesid>73141</seriesid>
</Episode>
</Data>